,school,sex,age,address,famsize,Pstatus,Medu,Fedu,Mjob,Fjob,reason,guardian,traveltime,studytime,failures,schoolsup,famsup,paid,activities,nursery,higher,internet,romantic,famrel,freetime,goout,Dalc,Walc,health,absences,G3
0,KEC,F,18,U,GT3,A,4,4,at_home,teacher,course,mother,2,2,0,yes,no,no,no,yes,yes,no,no,4.0,3.0,4,1,1,3,4,11
1,KEC,F,17,U,GT3,T,1,1,at_home,,course,father,1,2,0,no,yes,no,no,no,yes,yes,no,5.0,3.0,3,1,1,3,2,11
2,KEC,F,15,U,LE3,T,1,1,at_home,other,other,mother,1,2,0,yes,no,no,no,yes,yes,yes,no,,,2,2,3,3,6,12
3,KEC,F,15,U,GT3,T,4,2,health,services,home,mother,1,3,0,no,yes,no,yes,yes,yes,yes,yes,3.0,2.0,2,1,1,5,0,14
4,KEC,F,16,U,GT3,T,3,3,,other,home,father,1,2,0,no,yes,no,no,yes,yes,no,no,,3.0,2,1,2,5,0,13
5,KEC,M,16,U,LE3,T,4,3,services,other,reputation,mother,1,2,0,no,yes,no,yes,yes,yes,yes,no,5.0,4.0,2,1,2,5,6,13
6,KEC,M,16,U,LE3,T,2,2,other,other,home,mother,1,2,0,no,no,no,no,yes,yes,yes,no,4.0,4.0,4,1,1,3,0,13
7,KEC,F,17,U,GT3,A,4,4,other,teacher,home,mother,2,2,0,yes,yes,no,no,yes,yes,no,no,4.0,1.0,4,1,1,1,2,13
8,KEC,M,15,U,LE3,A,3,2,services,other,home,mother,1,2,0,no,yes,no,no,yes,yes,yes,no,4.0,2.0,2,1,1,1,0,17
9,KEC,M,15,U,GT3,T,3,4,,other,home,mother,1,2,0,no,yes,no,yes,yes,yes,yes,no,5.0,5.0,1,1,1,5,0,13
10,KEC,F,15,U,GT3,T,4,4,teacher,health,reputation,mother,1,2,0,no,yes,no,no,yes,yes,yes,no,3.0,3.0,3,1,2,2,2,14
11,KEC,F,15,U,GT3,T,2,1,services,,reputation,father,3,3,0,no,yes,no,yes,yes,yes,yes,no,5.0,2.0,2,1,1,4,0,13
12,KEC,M,15,U,LE3,T,4,4,health,services,course,father,1,1,0,no,yes,no,yes,yes,yes,yes,no,,3.0,3,1,3,5,0,12
13,KEC,M,15,U,GT3,T,4,3,teacher,other,course,mother,2,2,0,no,yes,no,no,yes,yes,yes,no,5.0,4.0,3,1,2,3,0,13
14,KEC,M,15,U,GT3,A,2,2,other,,home,other,1,3,0,no,yes,no,no,yes,yes,yes,yes,4.0,5.0,2,1,1,3,0,15
15,KEC,F,16,U,GT3,T,4,4,health,other,home,mother,1,1,0,no,yes,no,no,yes,yes,yes,no,4.0,4.0,4,1,2,2,6,17
16,KEC,F,16,U,GT3,T,4,4,services,services,reputation,mother,1,3,0,no,yes,no,yes,yes,yes,yes,no,3.0,2.0,3,1,2,2,10,14
17,KEC,F,16,U,GT3,T,3,3,other,other,reputation,mother,3,2,0,yes,yes,no,yes,yes,yes,no,no,5.0,3.0,2,1,1,4,2,14
18,KEC,M,17,U,GT3,T,3,2,services,services,course,mother,1,1,3,no,yes,yes,yes,yes,yes,yes,no,5.0,5.0,5,2,4,5,2,7
19,KEC,M,16,U,LE3,T,4,3,health,other,home,father,1,1,0,no,no,no,yes,yes,yes,yes,no,3.0,1.0,3,1,3,5,6,12
20,KEC,M,15,U,GT3,T,4,3,teacher,other,reputation,mother,1,2,0,no,no,no,no,yes,yes,yes,no,4.0,4.0,1,1,1,1,0,14
21,KEC,M,15,U,GT3,T,4,4,health,health,other,father,1,1,0,no,yes,yes,no,yes,yes,yes,no,5.0,4.0,2,1,1,5,0,12
22,KEC,M,16,U,LE3,T,4,2,teacher,other,course,mother,1,2,0,no,no,no,yes,yes,yes,yes,no,4.0,5.0,1,1,3,5,0,14
23,KEC,M,16,U,LE3,T,2,2,other,other,reputation,mother,2,2,0,no,yes,no,yes,yes,yes,yes,no,5.0,4.0,4,2,4,5,2,10
24,KEC,F,15,R,GT3,T,2,4,services,health,course,mother,1,3,0,yes,yes,no,yes,yes,yes,yes,no,4.0,3.0,2,1,1,5,2,10
25,KEC,F,16,U,GT3,T,2,2,services,services,home,mother,1,1,0,no,yes,no,no,no,yes,yes,no,1.0,2.0,2,1,3,5,6,12
26,KEC,M,15,U,GT3,T,2,2,other,other,home,mother,1,1,0,no,yes,no,no,yes,yes,yes,no,4.0,2.0,2,1,2,5,8,12
27,KEC,M,15,U,GT3,T,4,2,health,services,other,mother,1,1,0,no,no,no,no,yes,yes,yes,no,2.0,2.0,4,2,4,1,0,11
28,KEC,M,16,U,LE3,A,3,4,services,other,home,mother,1,2,0,yes,yes,yes,yes,yes,yes,yes,no,5.0,3.0,3,1,1,5,2,13
29,KEC,M,16,U,GT3,T,4,4,teacher,teacher,home,mother,1,2,0,no,yes,yes,yes,yes,yes,yes,yes,4.0,4.0,5,5,5,5,4,12
30,KEC,M,15,U,GT3,T,4,4,health,services,home,mother,1,2,0,no,yes,yes,no,no,yes,yes,no,5.0,4.0,2,3,4,5,0,11
31,KEC,M,15,U,GT3,T,4,4,services,services,reputation,mother,2,2,0,no,yes,no,yes,yes,yes,yes,no,4.0,3.0,1,1,1,5,2,15
32,KEC,M,15,R,GT3,T,4,3,teacher,at_home,course,mother,1,2,0,no,yes,no,yes,yes,yes,yes,yes,4.0,5.0,2,1,1,5,0,15
33,KEC,M,15,U,LE3,T,3,3,other,other,course,mother,1,2,0,no,no,no,yes,no,yes,yes,no,5.0,3.0,2,1,1,2,0,12
34,KEC,M,16,U,GT3,T,3,2,other,other,home,mother,1,1,0,no,yes,no,no,no,yes,yes,no,5.0,4.0,3,1,1,5,4,12
35,KEC,F,15,U,GT3,T,2,3,other,other,other,father,2,1,0,no,yes,no,yes,yes,yes,no,no,3.0,5.0,1,1,1,5,4,11
36,KEC,M,15,U,LE3,T,4,3,teacher,services,home,mother,1,3,0,no,yes,no,yes,yes,yes,yes,no,5.0,4.0,3,1,1,4,0,14
37,KEC,M,16,R,GT3,A,4,4,other,teacher,reputation,mother,2,3,0,no,yes,no,yes,yes,yes,yes,yes,2.0,4.0,3,1,1,5,4,13
38,KEC,F,15,R,GT3,T,3,4,services,health,course,mother,1,3,0,yes,yes,no,yes,yes,yes,yes,no,4.0,3.0,2,1,1,5,2,12
39,KEC,F,15,R,GT3,T,2,2,at_home,other,reputation,mother,1,1,0,yes,yes,no,yes,yes,yes,no,no,4.0,3.0,1,1,1,2,8,12
40,KEC,F,16,U,LE3,T,2,2,other,other,home,mother,2,2,0,no,yes,no,yes,no,yes,yes,yes,3.0,3.0,3,1,2,3,16,10
41,KEC,M,15,U,LE3,T,4,4,teacher,other,home,other,1,1,0,no,yes,no,no,no,yes,yes,yes,5.0,4.0,3,2,4,5,8,11
42,KEC,M,15,U,GT3,T,4,4,services,teacher,course,father,1,2,0,no,yes,no,yes,yes,yes,yes,no,4.0,3.0,3,1,1,5,0,15
43,KEC,M,15,U,GT3,T,2,2,services,services,course,father,1,1,0,yes,yes,no,no,yes,yes,yes,no,5.0,4.0,1,1,1,1,0,10
44,KEC,F,16,U,LE3,T,2,2,other,at_home,course,father,2,2,1,yes,no,no,yes,yes,yes,yes,no,4.0,3.0,3,2,2,5,14,11
45,KEC,F,15,U,LE3,A,4,3,other,other,course,mother,1,2,0,yes,yes,yes,yes,yes,yes,yes,yes,5.0,2.0,2,1,1,5,4,11
46,KEC,F,16,U,LE3,A,3,3,other,services,home,mother,1,2,0,no,yes,no,no,yes,yes,yes,no,2.0,3.0,5,1,4,3,6,13
47,KEC,M,16,U,GT3,T,4,3,health,services,reputation,mother,1,4,0,no,no,no,yes,yes,yes,yes,no,4.0,2.0,2,1,1,2,2,17
48,KEC,M,15,U,GT3,T,4,2,teacher,other,home,mother,1,2,0,no,yes,no,no,yes,yes,no,no,4.0,3.0,3,2,2,5,4,13
49,KEC,F,15,U,GT3,T,4,4,services,teacher,other,father,1,2,0,yes,yes,no,yes,no,yes,yes,no,4.0,4.0,4,1,1,3,2,12
50,KEC,F,16,U,LE3,T,2,2,services,services,course,mother,3,2,0,no,yes,no,no,yes,yes,yes,no,4.0,3.0,3,2,3,4,0,13
51,KEC,F,15,U,LE3,T,4,2,health,other,other,mother,1,2,0,no,yes,no,no,yes,yes,yes,no,4.0,3.0,3,1,1,5,0,16
52,KEC,M,15,U,LE3,A,4,2,health,health,other,father,2,1,0,no,no,no,no,yes,yes,no,no,5.0,5.0,5,3,4,5,4,9
53,KEC,F,15,U,GT3,T,4,4,services,services,course,mother,1,1,0,yes,yes,no,no,yes,yes,yes,no,3.0,3.0,4,2,3,5,0,12
54,KEC,F,15,U,LE3,A,3,3,other,other,other,mother,1,1,0,no,no,no,no,yes,yes,yes,no,5.0,3.0,4,4,4,1,0,13
55,KEC,F,16,U,GT3,A,2,1,other,other,other,mother,1,2,0,no,no,no,yes,yes,yes,yes,yes,5.0,3.0,4,1,1,2,2,12
56,KEC,F,15,U,GT3,A,4,3,services,services,reputation,mother,1,2,0,no,yes,no,yes,yes,yes,yes,no,4.0,3.0,2,1,1,1,0,15
57,KEC,M,15,U,GT3,T,4,4,teacher,health,reputation,mother,1,2,0,no,yes,no,yes,yes,yes,no,no,3.0,2.0,2,1,1,5,8,16
58,KEC,M,15,U,LE3,T,1,2,other,at_home,home,father,1,2,0,yes,yes,no,yes,yes,yes,yes,no,4.0,3.0,2,1,1,5,0,14
59,KEC,F,16,U,GT3,T,4,2,services,other,course,mother,1,2,0,no,yes,yes,no,yes,yes,yes,no,4.0,2.0,3,1,1,5,2,16
60,KEC,F,16,R,GT3,T,4,4,health,teacher,other,mother,1,2,0,no,yes,no,yes,yes,yes,no,no,2.0,4.0,4,2,3,4,0,16
61,KEC,F,16,U,GT3,T,1,1,services,services,course,father,4,1,0,yes,yes,no,yes,no,yes,yes,yes,5.0,5.0,5,5,5,5,0,16
62,KEC,F,16,U,LE3,T,1,2,other,services,reputation,father,1,2,0,yes,no,no,yes,yes,yes,yes,no,4.0,4.0,3,1,1,1,0,10
63,KEC,F,16,U,GT3,T,4,3,teacher,health,home,mother,1,3,0,yes,yes,no,yes,yes,yes,yes,no,3.0,4.0,4,2,4,4,0,13
64,KEC,F,15,U,LE3,T,4,3,services,services,reputation,father,1,2,0,yes,no,no,yes,yes,yes,yes,yes,4.0,4.0,4,2,4,2,0,12
65,KEC,F,16,U,LE3,T,4,3,teacher,services,course,mother,3,2,0,no,yes,no,yes,yes,yes,yes,no,5.0,4.0,3,1,2,1,2,16
66,KEC,M,15,U,GT3,A,4,4,other,services,reputation,mother,1,4,0,no,yes,no,yes,no,yes,yes,yes,1.0,3.0,3,5,5,3,0,12
67,KEC,F,16,U,GT3,T,3,1,services,other,course,mother,1,4,0,yes,yes,no,no,yes,yes,yes,no,4.0,3.0,3,1,2,5,0,10
68,KEC,F,15,R,LE3,T,2,2,health,services,reputation,mother,2,2,0,yes,yes,no,no,yes,yes,yes,no,4.0,1.0,3,1,3,4,0,11
69,KEC,F,15,R,LE3,T,3,1,other,other,reputation,father,2,4,0,no,yes,no,no,no,yes,yes,no,4.0,4.0,2,2,3,3,6,15
70,KEC,M,16,U,GT3,T,3,1,other,other,reputation,father,2,4,0,no,yes,no,no,yes,yes,yes,no,4.0,3.0,2,1,1,5,2,11
71,KEC,M,15,U,GT3,T,4,2,other,other,course,mother,1,4,0,no,no,no,no,yes,yes,yes,no,3.0,3.0,3,1,1,3,0,10
72,KEC,F,15,R,GT3,T,1,1,other,other,reputation,mother,1,2,0,yes,yes,no,no,no,yes,yes,yes,3.0,3.0,4,2,4,5,2,11
73,KEC,M,16,U,GT3,T,3,1,other,other,reputation,mother,1,1,0,no,no,no,yes,yes,yes,no,no,5.0,3.0,2,2,2,5,0,14
74,KEC,F,16,U,GT3,T,3,3,other,services,home,mother,1,2,0,yes,yes,no,yes,yes,yes,yes,no,4.0,3.0,3,2,4,5,4,11
75,KEC,M,15,U,GT3,T,4,3,teacher,other,home,mother,1,2,0,no,yes,no,yes,yes,yes,yes,no,4.0,3.0,3,2,3,5,0,11
76,KEC,M,15,U,GT3,T,4,0,teacher,other,course,mother,2,4,0,no,no,no,yes,yes,yes,yes,no,3.0,4.0,3,1,1,1,0,11
77,KEC,F,16,U,GT3,T,2,2,other,other,reputation,mother,1,4,0,no,no,no,no,yes,yes,yes,yes,5.0,2.0,3,1,3,3,1,13
78,KEC,M,17,U,GT3,T,2,1,other,other,home,mother,2,1,3,yes,yes,no,yes,yes,no,yes,no,4.0,5.0,1,1,1,3,0,10
79,KEC,F,16,U,GT3,T,3,4,at_home,other,course,mother,1,2,0,no,yes,no,no,yes,yes,yes,no,2.0,4.0,3,1,2,3,14,11
80,KEC,M,15,U,GT3,T,2,3,other,services,course,father,1,1,0,yes,yes,no,yes,no,yes,yes,yes,3.0,2.0,2,1,3,3,0,12
81,KEC,M,15,U,GT3,T,2,3,other,other,home,mother,1,3,0,yes,no,no,no,no,yes,yes,no,5.0,3.0,2,1,2,5,2,9
82,KEC,F,15,U,LE3,T,3,2,services,other,reputation,mother,1,2,0,no,yes,no,no,yes,yes,yes,no,4.0,4.0,4,1,1,5,4,11
83,KEC,M,15,U,LE3,T,2,2,services,services,home,mother,2,2,0,no,no,yes,yes,yes,yes,yes,no,5.0,3.0,3,1,3,4,2,13
84,KEC,F,15,U,GT3,T,1,1,other,other,home,father,1,2,0,no,yes,no,yes,no,yes,yes,no,4.0,3.0,2,2,3,4,2,12
85,KEC,F,15,U,GT3,T,4,4,services,services,reputation,father,2,2,0,no,no,no,no,yes,yes,yes,yes,4.0,4.0,4,2,3,5,4,12
86,KEC,F,16,U,LE3,T,2,2,at_home,other,course,mother,1,2,0,no,yes,no,no,yes,yes,no,no,4.0,3.0,4,1,2,2,6,11
87,KEC,F,15,U,GT3,T,4,2,other,other,reputation,mother,1,3,0,no,yes,no,yes,yes,yes,yes,no,5.0,3.0,3,1,3,1,4,15
88,KEC,M,16,U,GT3,T,2,2,services,other,reputation,father,2,2,0,no,no,no,yes,no,yes,yes,no,4.0,4.0,2,1,1,3,6,11
89,KEC,M,16,U,LE3,A,4,4,teacher,health,reputation,mother,1,2,0,no,yes,no,no,yes,yes,no,no,4.0,1.0,3,3,5,5,6,10
90,KEC,F,16,U,GT3,T,3,3,other,other,home,mother,1,3,0,no,yes,no,no,yes,yes,yes,yes,4.0,3.0,3,1,3,4,2,11
91,KEC,F,15,U,GT3,T,4,3,services,other,reputation,mother,1,1,0,no,no,no,yes,yes,yes,yes,no,4.0,5.0,5,1,3,1,6,13
92,KEC,F,16,U,LE3,T,3,1,other,other,home,father,1,2,0,yes,yes,no,no,yes,yes,no,no,3.0,3.0,3,2,3,2,0,12
93,KEC,F,16,U,GT3,T,4,2,teacher,services,home,mother,2,2,0,no,yes,no,yes,yes,yes,yes,no,5.0,3.0,3,1,1,1,2,14
94,KEC,M,15,U,LE3,T,2,2,services,health,reputation,mother,1,4,0,no,yes,no,yes,yes,yes,yes,no,4.0,3.0,4,1,1,4,2,12
95,KEC,F,15,R,GT3,T,1,1,at_home,other,home,mother,2,4,0,yes,yes,yes,yes,yes,yes,yes,no,3.0,1.0,2,1,1,1,4,13
96,KEC,M,16,R,GT3,T,4,3,services,other,reputation,mother,2,1,0,yes,yes,yes,yes,no,yes,yes,no,3.0,3.0,3,1,1,4,6,11
97,KEC,F,16,U,GT3,T,2,1,other,other,course,mother,1,2,0,no,yes,no,no,yes,yes,no,yes,4.0,3.0,5,1,1,5,0,12
98,KEC,F,16,U,GT3,T,4,4,other,other,reputation,mother,1,1,0,no,no,no,yes,no,yes,yes,no,5.0,3.0,4,1,2,1,4,13
99,KEC,F,16,U,GT3,T,4,3,other,at_home,course,mother,1,3,0,yes,yes,no,no,yes,yes,yes,no,5.0,3.0,5,1,1,3,2,13
100,KEC,M,16,U,GT3,T,4,4,services,services,other,mother,1,1,0,yes,yes,no,yes,yes,yes,yes,no,4.0,5.0,5,5,5,4,12,8
101,KEC,M,16,U,GT3,T,4,4,services,teacher,other,father,1,3,0,no,yes,no,yes,yes,yes,yes,yes,4.0,4.0,3,1,1,4,0,16
102,KEC,M,15,U,GT3,T,4,4,services,other,course,mother,1,1,0,no,yes,yes,yes,no,yes,yes,no,5.0,3.0,3,1,1,5,2,12
103,KEC,F,15,U,GT3,T,3,2,services,other,home,mother,2,2,0,yes,yes,no,no,yes,yes,yes,no,4.0,3.0,5,1,1,2,16,10
104,KEC,M,15,U,GT3,A,3,4,services,other,course,mother,1,2,0,no,yes,no,yes,yes,yes,yes,no,5.0,4.0,4,1,1,1,0,16
105,KEC,F,15,U,GT3,A,3,3,other,health,reputation,father,1,4,0,yes,no,no,no,yes,yes,no,no,4.0,3.0,3,1,1,4,10,10
106,KEC,F,15,U,GT3,T,2,2,other,other,course,mother,1,4,0,yes,yes,no,no,yes,yes,yes,no,5.0,1.0,2,1,1,3,4,10
107,KEC,M,16,U,GT3,T,3,3,services,other,home,father,1,3,0,no,yes,no,yes,yes,yes,yes,no,5.0,3.0,3,1,1,5,4,14
108,KEC,M,15,R,GT3,T,4,4,other,other,home,father,4,4,0,no,yes,no,yes,yes,yes,yes,yes,1.0,3.0,5,3,5,1,8,11
109,KEC,F,16,U,LE3,T,4,4,health,health,other,mother,1,3,0,no,yes,no,yes,yes,yes,yes,yes,5.0,4.0,5,1,1,4,2,14
110,KEC,M,15,U,LE3,A,4,4,teacher,teacher,course,mother,1,1,0,no,no,no,yes,yes,yes,yes,no,5.0,5.0,3,1,1,4,4,14
111,KEC,F,16,R,GT3,T,3,3,services,other,reputation,father,1,3,0,yes,yes,no,yes,yes,yes,yes,no,4.0,1.0,2,1,1,2,4,11
112,KEC,F,16,U,GT3,T,2,2,at_home,other,home,mother,1,2,1,yes,no,no,yes,yes,yes,yes,no,3.0,1.0,2,1,1,5,12,10
113,KEC,M,15,U,LE3,T,4,2,teacher,other,course,mother,1,1,0,no,no,no,no,yes,yes,yes,no,3.0,5.0,2,1,1,3,10,18
114,KEC,M,15,R,GT3,T,2,1,health,services,reputation,mother,1,2,0,no,no,no,yes,yes,yes,yes,yes,5.0,4.0,2,1,1,5,4,10
115,KEC,M,16,U,GT3,T,4,4,teacher,teacher,course,father,1,2,0,no,yes,no,yes,yes,yes,yes,no,5.0,4.0,4,1,2,5,6,14
116,KEC,M,15,U,GT3,T,4,4,other,teacher,reputation,father,2,2,0,no,yes,no,yes,yes,yes,no,no,4.0,4.0,3,1,1,2,4,16
117,KEC,M,16,U,GT3,T,3,3,other,services,home,father,2,1,0,no,no,no,yes,yes,yes,yes,no,5.0,4.0,2,1,1,5,6,15
118,KEC,M,17,R,GT3,T,1,3,other,other,course,father,3,2,1,no,yes,no,yes,yes,yes,yes,no,5.0,2.0,4,1,4,5,14,11
119,KEC,M,15,U,GT3,T,3,4,other,other,reputation,father,1,1,0,no,no,no,no,yes,yes,yes,no,3.0,4.0,3,1,2,4,2,14
120,KEC,F,15,U,GT3,T,1,2,at_home,services,course,mother,1,2,0,no,no,no,no,no,yes,yes,no,3.0,2.0,3,1,2,1,0,14
121,KEC,M,15,U,GT3,T,2,2,services,services,home,father,1,4,0,no,yes,no,yes,yes,yes,yes,no,5.0,5.0,4,1,2,5,6,13
122,KEC,F,16,U,LE3,T,2,4,other,health,course,father,2,2,0,no,yes,no,yes,yes,yes,yes,yes,4.0,2.0,2,1,2,5,2,13
123,KEC,M,16,U,GT3,T,4,4,health,other,course,mother,1,1,0,no,yes,no,yes,yes,yes,yes,no,3.0,4.0,4,1,4,5,4,13
124,KEC,F,16,U,GT3,T,2,2,other,other,home,mother,1,2,0,no,no,no,no,yes,yes,yes,yes,5.0,4.0,4,1,1,5,0,11
125,KEC,M,15,U,GT3,T,3,4,services,services,home,father,1,1,0,yes,no,no,no,yes,yes,yes,no,5.0,5.0,5,3,2,5,2,9
126,KEC,F,15,U,LE3,A,3,4,other,other,home,mother,1,2,0,yes,no,no,yes,yes,yes,yes,yes,5.0,3.0,2,1,1,1,0,11
127,KEC,F,19,U,GT3,T,0,1,at_home,other,course,other,1,2,2,no,yes,no,no,no,no,no,no,3.0,4.0,2,1,1,5,0,11
128,KEC,M,16,R,GT3,T,4,4,teacher,teacher,course,mother,1,1,0,no,no,no,yes,yes,yes,yes,no,3.0,5.0,5,2,5,4,8,15
129,KEC,M,16,U,GT3,T,2,3,other,other,course,mother,2,3,0,no,yes,no,no,no,yes,yes,yes,3.0,2.0,3,2,2,1,4,13
130,KEC,F,15,R,GT3,T,3,4,services,teacher,course,father,2,3,0,no,yes,no,no,yes,yes,yes,yes,4.0,2.0,2,2,2,5,0,12
131,KEC,F,18,U,GT3,T,2,1,services,other,reputation,mother,1,2,3,no,yes,no,yes,yes,no,yes,yes,5.0,4.0,5,1,3,5,10,8
132,KEC,F,17,U,LE3,A,2,1,other,other,course,mother,3,1,0,no,yes,no,no,yes,yes,yes,no,3.0,2.0,2,1,2,5,8,11
133,KEC,F,15,U,GT3,T,1,1,at_home,other,course,mother,3,1,0,no,yes,no,yes,no,yes,yes,yes,4.0,3.0,3,1,2,4,6,13
134,KEC,F,17,U,LE3,T,2,2,other,other,course,father,1,1,0,no,yes,no,no,yes,yes,yes,yes,3.0,4.0,4,1,3,5,2,12
135,KEC,F,16,U,GT3,A,3,4,services,other,course,father,1,1,0,no,no,no,no,yes,yes,yes,no,3.0,2.0,1,1,4,5,12,14
136,KEC,M,16,U,GT3,T,2,1,at_home,other,course,mother,4,1,0,no,no,no,no,yes,yes,no,no,3.0,2.0,1,1,1,2,4,11
137,KEC,F,16,U,GT3,A,2,2,other,other,home,mother,1,1,1,no,no,no,no,yes,yes,no,no,5.0,3.0,4,1,1,5,12,11
138,KEC,M,15,R,GT3,T,3,4,at_home,teacher,course,mother,4,2,0,no,yes,no,no,yes,yes,no,yes,5.0,3.0,3,1,1,5,2,11
139,KEC,F,15,U,GT3,T,4,4,services,at_home,course,mother,1,3,0,no,yes,no,yes,yes,yes,yes,yes,4.0,3.0,3,1,1,5,4,15
140,KEC,M,17,R,GT3,T,3,4,at_home,other,course,mother,3,2,0,no,no,no,no,yes,yes,no,no,5.0,4.0,5,2,4,5,2,10
141,KEC,F,16,R,GT3,T,1,1,at_home,other,course,mother,4,2,0,no,yes,no,no,yes,yes,no,no,5.0,1.0,3,1,1,3,0,13
142,KEC,M,18,U,LE3,T,3,1,services,services,course,mother,2,1,0,no,no,no,yes,yes,yes,yes,yes,3.0,3.0,4,4,5,4,2,12
143,KEC,F,18,U,GT3,A,3,2,other,services,course,other,1,3,0,no,yes,no,yes,no,yes,yes,yes,4.0,3.0,3,5,1,5,10,11
144,KEC,F,16,R,GT3,T,1,1,other,services,reputation,mother,2,1,0,no,yes,no,yes,yes,yes,no,yes,3.0,3.0,3,1,2,1,8,11
145,KEC,F,16,U,GT3,A,3,3,other,other,course,other,2,1,0,no,yes,no,yes,no,yes,yes,yes,4.0,3.0,2,1,1,5,4,10
146,KEC,M,16,U,LE3,T,1,1,services,other,course,mother,1,2,2,no,no,no,no,yes,yes,no,yes,4.0,4.0,4,1,3,5,0,10
147,KEC,F,15,U,GT3,T,4,4,teacher,teacher,course,mother,2,1,0,no,no,no,yes,yes,yes,yes,no,4.0,3.0,2,1,1,5,6,14
148,KEC,F,15,R,GT3,T,1,1,other,other,course,mother,3,1,1,no,no,no,yes,yes,yes,yes,yes,5.0,5.0,5,1,1,1,2,9
149,KEC,M,15,U,GT3,T,4,3,teacher,services,course,father,2,4,0,yes,yes,no,no,yes,yes,yes,no,2.0,2.0,2,1,1,3,6,11
150,KEC,F,15,U,GT3,A,3,3,services,services,home,mother,1,2,0,no,no,no,no,no,yes,no,yes,1.0,3.0,2,2,3,1,24,9
151,KEC,M,16,U,GT3,T,4,4,services,services,course,mother,1,3,0,no,yes,no,yes,yes,yes,yes,no,5.0,3.0,3,1,3,5,0,13
152,KEC,M,16,U,LE3,T,2,2,services,services,reputation,father,2,1,0,no,yes,no,yes,yes,yes,yes,no,2.0,3.0,3,2,2,2,4,11
153,KEC,F,15,U,GT3,T,4,4,teacher,services,course,mother,1,3,0,no,yes,no,yes,yes,yes,yes,no,4.0,2.0,2,1,1,5,2,13
154,KEC,F,16,U,LE3,T,1,1,at_home,at_home,course,mother,1,1,0,no,no,no,no,yes,yes,yes,no,3.0,4.0,4,3,3,1,4,11
155,KEC,M,17,U,GT3,T,2,1,other,other,home,mother,1,1,0,no,yes,no,no,yes,yes,yes,no,5.0,4.0,5,1,2,5,22,6
156,KEC,F,15,U,GT3,T,1,1,other,services,course,father,1,2,0,no,yes,no,no,yes,yes,yes,no,4.0,4.0,2,1,2,5,0,12
157,KEC,F,15,U,LE3,A,2,1,at_home,other,home,mother,2,1,0,no,yes,no,yes,yes,no,yes,yes,4.0,4.0,2,1,1,5,0,10
158,KEC,F,15,U,GT3,T,3,2,health,services,home,father,1,2,1,no,yes,no,no,yes,yes,yes,no,3.0,3.0,2,1,1,3,2,11
159,KEC,F,15,U,GT3,T,1,2,at_home,other,course,mother,1,2,0,no,yes,no,no,no,yes,yes,no,4.0,3.0,2,1,1,5,6,13
160,KEC,F,15,U,GT3,T,1,2,at_home,services,course,father,1,2,0,no,no,no,no,no,yes,no,yes,2.0,3.0,4,2,4,1,6,11
161,KEC,M,16,U,GT3,T,4,4,teacher,teacher,course,mother,1,1,0,no,yes,no,no,yes,no,yes,yes,3.0,3.0,2,2,1,5,16,8
162,KEC,M,15,U,LE3,A,2,1,services,other,course,mother,4,1,0,no,no,no,no,yes,yes,yes,no,4.0,5.0,5,2,5,5,0,11
163,KEC,M,18,U,LE3,T,1,1,other,other,course,mother,1,1,2,no,no,no,no,yes,no,yes,yes,2.0,3.0,5,2,5,4,0,0
164,KEC,M,16,U,LE3,T,2,1,at_home,other,course,mother,1,1,1,no,no,no,yes,yes,yes,no,yes,4.0,4.0,4,3,5,5,6,10
165,KEC,F,15,R,GT3,T,3,3,services,services,reputation,other,2,3,0,no,yes,yes,yes,yes,yes,yes,yes,4.0,2.0,1,2,3,3,2,13
166,KEC,M,19,U,GT3,T,3,2,services,at_home,home,mother,1,1,0,no,yes,no,no,yes,no,yes,yes,4.0,5.0,4,1,1,4,6,11
167,KEC,F,17,U,GT3,T,4,4,other,teacher,course,mother,1,1,0,yes,yes,no,no,yes,yes,no,yes,4.0,2.0,1,1,1,4,0,13
168,KEC,M,15,R,GT3,T,2,3,at_home,services,course,mother,1,2,0,yes,no,yes,yes,yes,yes,no,no,4.0,4.0,4,1,1,1,0,8
169,KEC,M,17,R,LE3,T,1,2,other,other,reputation,mother,1,1,3,no,no,no,no,yes,yes,no,no,2.0,2.0,2,3,3,5,14,10
170,KEC,F,18,R,GT3,T,1,1,at_home,other,course,mother,3,1,3,no,yes,no,yes,no,yes,no,no,5.0,2.0,5,1,5,4,6,11
171,KEC,M,16,R,GT3,T,2,2,at_home,other,course,mother,3,1,0,no,no,no,no,no,yes,no,no,4.0,2.0,2,1,2,3,4,11
172,KEC,M,16,U,GT3,T,3,3,other,services,course,father,1,2,1,no,yes,no,no,yes,yes,yes,yes,4.0,5.0,5,4,4,5,0,1
173,KEC,M,16,U,LE3,T,1,2,health,services,course,mother,2,1,2,no,no,no,no,no,yes,yes,no,4.0,4.0,5,3,5,5,0,10
174,KEC,M,17,R,LE3,T,2,1,at_home,other,course,mother,2,1,1,no,no,yes,yes,yes,no,yes,yes,3.0,3.0,2,2,2,5,8,9
175,KEC,M,17,R,GT3,T,3,2,other,other,course,mother,2,2,2,yes,yes,no,no,yes,yes,yes,yes,4.0,4.0,4,1,4,3,4,8
176,KEC,M,15,U,LE3,T,1,2,other,other,course,mother,2,1,0,no,no,no,yes,yes,yes,no,no,4.0,4.0,4,2,4,5,2,10
177,KEC,M,16,U,GT3,T,1,3,at_home,services,course,father,1,1,1,no,no,no,no,yes,no,yes,no,5.0,3.0,3,1,4,2,2,8
178,KEC,M,17,R,LE3,T,1,1,other,services,course,mother,4,2,0,no,no,no,yes,yes,no,no,yes,5.0,3.0,5,1,5,5,0,8
179,KEC,M,17,U,GT3,T,3,2,services,services,course,mother,2,1,3,no,yes,no,yes,no,no,no,no,4.0,5.0,2,1,1,2,10,8
180,KEC,M,16,U,GT3,T,2,2,other,other,course,father,1,2,0,no,no,no,no,yes,no,yes,no,4.0,3.0,5,2,4,4,0,11
181,KEC,F,16,U,GT3,T,4,2,health,services,home,father,1,2,0,no,no,no,no,yes,yes,yes,yes,4.0,2.0,3,1,1,3,0,18
182,KEC,F,16,U,GT3,T,2,2,other,other,home,mother,1,2,0,no,yes,no,no,no,yes,yes,no,5.0,1.0,5,1,1,4,0,13
183,KEC,F,16,U,GT3,T,4,4,health,health,reputation,mother,1,2,0,no,yes,no,no,yes,yes,yes,yes,4.0,4.0,2,1,1,3,0,17
184,KEC,M,16,U,GT3,T,3,4,other,other,course,father,3,1,1,no,yes,no,yes,no,yes,yes,no,3.0,4.0,5,2,4,2,4,10
185,KEC,M,16,U,GT3,T,1,0,other,other,reputation,mother,2,2,0,no,yes,no,yes,yes,yes,yes,yes,4.0,3.0,2,1,1,3,0,18
186,KEC,M,17,U,LE3,T,4,4,teacher,other,reputation,mother,1,2,0,no,yes,no,yes,yes,yes,yes,no,4.0,4.0,4,1,3,5,0,10
187,KEC,F,16,U,GT3,T,1,3,at_home,services,home,mother,1,2,0,no,no,no,yes,no,yes,yes,yes,4.0,3.0,5,1,1,3,0,13
188,KEC,F,16,U,LE3,T,3,3,other,other,reputation,mother,2,2,0,no,yes,no,yes,yes,yes,yes,no,4.0,4.0,5,1,1,4,0,15
189,KEC,M,17,U,LE3,T,4,3,teacher,other,course,mother,2,2,0,no,no,no,yes,yes,yes,yes,no,4.0,4.0,4,4,4,4,0,11
190,KEC,F,16,U,GT3,T,2,2,services,other,reputation,mother,2,2,0,no,no,no,yes,no,yes,yes,no,3.0,4.0,4,1,4,5,0,14
191,KEC,M,17,U,GT3,T,3,3,other,other,reputation,father,1,2,0,no,no,no,yes,no,yes,yes,no,4.0,3.0,4,1,4,4,4,10
192,KEC,M,16,R,GT3,T,4,2,teacher,services,other,mother,1,1,0,no,yes,no,yes,yes,yes,yes,yes,4.0,3.0,3,3,4,3,8,11
193,KEC,M,17,U,GT3,T,4,3,other,other,course,mother,1,2,0,no,yes,yes,yes,yes,yes,yes,yes,5.0,2.0,3,1,1,2,4,13
194,KEC,M,16,U,GT3,T,4,3,teacher,other,home,mother,1,2,0,no,yes,yes,yes,yes,yes,yes,no,3.0,4.0,3,2,3,3,4,11
195,KEC,M,16,U,GT3,T,3,3,services,other,home,mother,1,2,0,no,no,no,yes,yes,yes,yes,yes,4.0,2.0,3,1,2,3,0,13
196,KEC,F,17,U,GT3,T,2,4,services,services,reputation,father,1,2,0,no,yes,no,yes,yes,yes,no,no,5.0,4.0,2,2,3,5,0,17
197,KEC,F,17,U,LE3,T,3,3,other,other,reputation,mother,1,2,0,no,yes,no,yes,yes,yes,yes,yes,5.0,3.0,3,2,3,1,32,14
198,KEC,F,16,U,GT3,T,3,2,other,other,reputation,mother,1,2,0,no,yes,no,no,yes,yes,yes,no,1.0,2.0,2,1,2,1,8,16
199,KEC,M,17,U,GT3,T,3,3,services,services,other,mother,1,2,0,no,yes,no,yes,yes,yes,yes,yes,4.0,3.0,4,2,3,4,6,14
200,KEC,M,16,U,GT3,T,1,2,services,services,other,mother,1,1,0,no,yes,no,yes,yes,yes,yes,yes,3.0,3.0,3,1,2,3,0,11
201,KEC,M,16,U,LE3,T,2,1,other,other,course,mother,1,2,0,no,no,no,yes,yes,yes,yes,yes,4.0,2.0,3,1,2,5,0,16
202,KEC,F,17,U,GT3,A,3,3,health,other,reputation,mother,1,2,0,no,yes,no,no,no,yes,yes,yes,3.0,3.0,3,1,3,3,10,14
203,KEC,M,17,R,GT3,T,1,2,at_home,other,home,mother,1,2,0,no,no,no,no,yes,yes,no,no,3.0,1.0,3,1,5,3,6,10
204,KEC,F,16,U,GT3,T,2,3,services,services,course,mother,1,2,0,no,no,no,no,yes,yes,yes,no,4.0,3.0,3,1,1,2,6,13
205,KEC,F,17,U,GT3,T,1,1,at_home,services,course,mother,1,2,0,no,no,no,yes,yes,yes,yes,no,5.0,3.0,3,1,1,3,0,12
206,KEC,M,17,U,GT3,T,1,2,at_home,services,other,other,2,2,0,no,no,no,yes,no,yes,yes,no,4.0,4.0,4,4,5,5,16,12
207,KEC,M,16,R,GT3,T,3,3,services,services,reputation,mother,1,1,0,no,yes,no,yes,yes,yes,yes,no,4.0,3.0,2,3,4,5,0,10
208,KEC,M,16,U,GT3,T,2,3,other,other,home,father,2,1,0,no,no,no,no,yes,yes,yes,no,5.0,3.0,3,1,1,3,0,12
209,KEC,F,17,U,LE3,T,2,4,services,services,course,father,1,2,0,no,no,no,yes,yes,yes,yes,yes,4.0,3.0,2,1,1,5,8,16
210,KEC,M,17,U,GT3,T,4,4,services,teacher,home,mother,1,1,0,no,no,no,no,yes,yes,yes,no,5.0,2.0,3,1,2,5,4,14
211,KEC,M,16,R,LE3,T,3,3,teacher,other,home,father,3,1,0,no,yes,no,yes,yes,yes,yes,no,3.0,3.0,4,3,5,3,16,12
212,KEC,F,17,U,GT3,T,4,4,services,teacher,home,mother,2,1,1,no,yes,no,no,yes,yes,yes,no,4.0,2.0,4,2,3,2,30,16
213,KEC,F,16,U,LE3,T,4,4,teacher,teacher,reputation,mother,1,2,0,no,yes,no,no,yes,yes,yes,no,4.0,5.0,2,1,2,3,0,11
214,KEC,F,16,U,GT3,T,4,3,health,other,home,mother,1,2,0,no,yes,no,yes,yes,yes,yes,no,4.0,3.0,5,1,5,2,2,15
215,KEC,F,16,U,GT3,T,2,3,other,other,reputation,mother,1,2,0,yes,yes,no,yes,yes,yes,no,no,4.0,4.0,3,1,3,4,4,12
216,KEC,F,17,U,GT3,T,1,1,other,other,course,mother,1,2,0,no,yes,no,no,no,yes,no,no,4.0,4.0,4,1,3,1,0,15
217,KEC,F,17,R,GT3,T,2,2,other,other,reputation,mother,1,1,0,no,yes,no,no,yes,yes,yes,no,5.0,3.0,2,1,2,3,21,13
218,KEC,F,16,R,GT3,T,2,2,services,services,reputation,mother,2,4,0,no,yes,no,yes,no,yes,yes,no,5.0,3.0,5,1,1,5,6,13
219,KEC,F,17,U,GT3,T,3,4,at_home,services,home,mother,1,3,1,no,yes,yes,no,yes,yes,yes,yes,4.0,4.0,3,3,4,5,14,8
220,KEC,F,16,U,GT3,A,3,1,services,other,course,mother,1,2,0,no,yes,no,no,yes,yes,yes,no,2.0,3.0,3,2,2,4,2,12
221,KEC,F,16,U,GT3,T,4,3,teacher,other,other,mother,1,2,0,no,no,no,yes,yes,yes,yes,yes,1.0,3.0,2,1,1,1,4,15
222,KEC,F,16,U,GT3,T,1,1,at_home,other,home,mother,2,1,0,no,yes,no,no,yes,yes,no,no,4.0,3.0,2,1,4,5,2,13
223,KEC,F,17,R,GT3,T,4,3,teacher,other,reputation,mother,2,3,0,no,yes,no,yes,yes,yes,yes,yes,4.0,4.0,2,1,1,4,0,12
224,KEC,F,19,U,GT3,T,3,3,other,other,reputation,other,1,4,0,no,yes,no,yes,yes,yes,yes,no,4.0,3.0,3,1,2,3,4,12
225,KEC,M,17,U,LE3,T,4,4,services,other,home,mother,1,2,0,no,yes,no,no,yes,yes,yes,yes,5.0,3.0,5,4,5,3,15,12
226,KEC,F,16,U,GT3,A,2,2,other,other,reputation,mother,1,2,0,yes,yes,no,no,yes,yes,yes,no,3.0,3.0,4,1,1,4,0,13
227,KEC,M,18,U,GT3,T,2,2,services,other,home,mother,1,2,0,no,yes,no,yes,yes,yes,yes,no,4.0,4.0,4,2,4,5,10,11
228,KEC,F,17,R,LE3,T,4,4,services,other,other,mother,1,1,0,no,yes,no,no,yes,yes,no,no,5.0,2.0,1,1,2,3,6,11
229,KEC,F,17,U,LE3,T,3,2,other,other,reputation,mother,2,2,0,no,no,no,no,yes,yes,yes,no,4.0,4.0,4,1,3,1,2,15
230,KEC,F,17,U,GT3,T,4,3,other,other,reputation,mother,1,2,0,no,no,no,no,yes,yes,yes,yes,3.0,4.0,5,2,4,1,16,10
231,KEC,M,18,U,LE3,T,3,3,services,health,home,father,1,2,0,no,yes,no,no,yes,yes,yes,no,3.0,2.0,4,2,4,4,10,10
232,KEC,F,17,U,GT3,T,2,3,at_home,other,home,father,2,1,0,no,yes,no,no,yes,yes,no,no,3.0,3.0,3,1,4,3,4,13
233,KEC,F,17,U,GT3,T,2,2,at_home,at_home,course,mother,1,3,0,no,yes,no,yes,yes,yes,yes,no,4.0,3.0,3,1,1,4,0,13
234,KEC,F,17,R,GT3,T,2,1,at_home,services,reputation,mother,2,2,0,no,yes,no,yes,yes,yes,yes,no,4.0,2.0,5,1,2,5,0,11
235,KEC,F,17,U,GT3,T,1,1,at_home,other,reputation,mother,1,3,0,no,yes,no,yes,yes,yes,no,yes,4.0,3.0,4,1,1,5,12,12
236,KEC,F,16,U,GT3,T,2,3,services,teacher,other,mother,1,2,0,yes,no,no,no,yes,yes,yes,no,2.0,3.0,1,1,1,3,0,14
237,KEC,M,18,U,GT3,T,2,2,other,other,home,mother,2,2,3,no,yes,yes,no,yes,yes,yes,no,3.0,3.0,3,5,5,4,9,10
238,KEC,F,16,U,GT3,T,4,4,teacher,services,home,mother,1,3,0,no,yes,no,yes,no,yes,yes,no,5.0,3.0,2,1,1,5,4,16
239,KEC,F,18,R,GT3,T,3,1,other,other,reputation,mother,1,2,0,no,no,no,yes,yes,yes,yes,yes,5.0,3.0,3,1,1,4,4,8
240,KEC,F,17,U,GT3,T,3,2,other,other,course,mother,1,2,0,no,no,no,yes,no,yes,yes,no,5.0,3.0,4,1,3,3,2,17
241,KEC,M,17,U,LE3,T,2,3,services,services,reputation,father,1,2,0,no,yes,no,no,no,yes,yes,no,5.0,3.0,3,1,3,3,0,11
242,KEC,M,18,U,LE3,T,2,1,at_home,other,course,mother,4,2,0,yes,yes,no,yes,yes,yes,yes,yes,4.0,3.0,2,4,5,3,2,11
243,KEC,F,17,U,GT3,A,2,1,other,other,course,mother,2,3,0,no,no,no,yes,yes,yes,yes,yes,3.0,2.0,3,1,2,3,0,16
244,KEC,F,17,U,LE3,T,4,3,health,other,reputation,father,1,2,0,no,no,no,yes,yes,yes,yes,yes,3.0,2.0,3,1,2,3,0,12
245,KEC,M,17,R,GT3,T,2,2,other,other,course,father,2,2,0,no,yes,no,yes,yes,yes,yes,no,4.0,5.0,2,1,1,1,0,13
246,KEC,M,17,U,GT3,T,4,4,teacher,teacher,reputation,mother,1,2,0,yes,yes,no,yes,yes,yes,yes,yes,4.0,5.0,5,1,3,2,0,13
247,KEC,M,16,U,GT3,T,4,4,health,other,reputation,father,1,2,0,no,yes,no,yes,yes,yes,yes,no,4.0,2.0,4,2,4,1,0,14
248,KEC,M,16,U,LE3,T,1,1,other,other,home,mother,2,2,0,no,yes,no,no,yes,yes,yes,no,3.0,4.0,2,1,1,5,2,9
249,KEC,M,16,U,GT3,T,3,2,at_home,other,reputation,mother,2,3,0,no,no,no,yes,yes,yes,yes,yes,5.0,3.0,3,1,3,2,0,12
250,KEC,M,17,U,LE3,T,2,2,other,other,home,father,1,2,0,no,no,no,yes,no,yes,yes,yes,4.0,4.0,2,5,5,4,0,16
251,KEC,F,16,U,GT3,T,2,1,other,other,home,mother,1,1,0,no,no,no,no,yes,yes,yes,yes,4.0,5.0,2,1,1,5,4,10
252,KEC,F,16,U,GT3,A,4,1,other,other,home,mother,1,2,0,no,no,no,yes,yes,yes,yes,yes,5.0,3.0,3,1,2,5,0,13
253,KEC,F,18,U,LE3,A,2,4,services,other,course,mother,2,2,1,no,yes,no,no,yes,yes,yes,no,4.0,3.0,3,1,1,3,18,10
254,KEC,F,18,U,LE3,T,2,2,at_home,services,course,mother,1,2,1,no,yes,no,no,no,yes,yes,yes,5.0,3.0,1,1,1,5,16,10
255,KEC,F,18,U,GT3,T,3,3,other,other,course,mother,2,1,1,no,no,no,no,yes,no,yes,no,4.0,1.0,1,1,1,3,14,7
256,KEC,M,18,U,GT3,T,2,2,other,at_home,course,other,1,1,1,no,yes,no,yes,no,no,yes,yes,4.0,4.0,3,2,2,1,26,8
257,KEC,M,17,U,GT3,T,4,4,teacher,teacher,course,mother,1,1,0,no,yes,no,yes,no,yes,yes,no,4.0,2.0,1,1,2,5,6,9
258,KEC,F,17,U,GT3,T,3,2,other,other,course,father,1,2,0,no,no,no,yes,yes,yes,no,no,5.0,4.0,2,1,1,3,4,15
259,KEC,F,17,U,LE3,T,1,1,at_home,at_home,course,mother,1,3,0,no,yes,no,yes,yes,yes,yes,yes,4.0,3.0,2,1,2,4,10,10
260,KEC,F,16,U,GT3,T,1,2,other,other,course,mother,1,1,0,no,no,no,no,yes,no,yes,no,5.0,3.0,5,1,2,5,4,11
261,KEC,F,17,R,GT3,T,2,1,at_home,services,course,mother,3,2,0,no,no,no,yes,yes,yes,no,no,2.0,1.0,1,1,1,3,2,13
262,KEC,F,17,R,LE3,A,1,4,other,other,course,other,4,1,1,no,yes,no,no,yes,yes,yes,no,5.0,5.0,4,1,1,5,14,8
263,KEC,M,18,U,GT3,T,2,2,other,services,reputation,father,1,2,0,no,no,no,no,yes,no,yes,no,5.0,5.0,4,3,5,2,16,8
264,KEC,F,17,U,LE3,A,2,2,other,other,home,mother,1,1,1,no,yes,no,no,no,no,yes,no,3.0,1.0,2,1,1,1,8,10
265,KEC,F,17,R,LE3,T,1,1,at_home,other,course,mother,2,3,0,no,no,no,yes,yes,yes,yes,no,4.0,3.0,3,1,3,5,4,15
266,KEC,F,17,U,LE3,A,4,2,teacher,other,course,mother,1,2,0,no,yes,no,yes,yes,yes,no,no,4.0,3.0,2,1,1,4,4,14
267,KEC,M,17,U,LE3,T,4,3,health,other,course,mother,2,2,0,no,no,no,yes,yes,yes,yes,yes,2.0,5.0,5,1,4,5,8,15
268,KEC,M,17,R,LE3,A,4,4,teacher,other,course,mother,2,2,0,no,yes,no,no,yes,yes,yes,no,3.0,3.0,3,2,3,4,0,12
269,KEC,M,16,U,LE3,T,4,3,teacher,other,course,mother,1,1,0,no,no,no,yes,no,yes,yes,no,5.0,4.0,5,1,1,3,7,15
270,KEC,M,16,U,GT3,T,4,4,services,services,course,mother,1,1,0,no,no,yes,yes,yes,yes,yes,no,5.0,3.0,2,1,2,5,4,15
271,KEC,F,17,U,GT3,T,4,4,teacher,services,course,mother,1,2,0,no,yes,yes,no,yes,yes,yes,yes,5.0,3.0,1,1,4,5,2,12
272,KEC,M,17,R,GT3,T,1,1,other,other,home,father,2,3,0,no,no,no,no,no,yes,yes,yes,4.0,3.0,3,1,1,1,2,15
273,KEC,F,17,U,GT3,T,3,3,services,other,home,mother,2,3,0,no,yes,no,no,yes,yes,yes,yes,4.0,2.0,2,2,3,5,10,11
274,KEC,F,17,U,GT3,T,1,1,at_home,other,course,mother,1,2,0,yes,no,no,no,no,yes,no,yes,4.0,3.0,2,1,1,4,10,10
275,KEC,F,18,U,GT3,T,2,1,other,other,course,other,2,3,0,no,yes,no,no,no,yes,yes,yes,4.0,4.0,4,1,1,3,10,11
276,KEC,M,16,U,GT3,T,2,1,other,other,course,mother,3,1,0,no,no,no,no,yes,yes,yes,no,4.0,3.0,3,1,1,4,7,16
277,KEC,F,17,U,GT3,T,1,1,other,services,course,father,1,2,0,no,yes,no,no,yes,yes,no,no,4.0,3.0,4,1,2,5,4,11
278,KEC,M,17,U,GT3,T,2,3,other,other,course,father,2,1,0,no,no,no,no,yes,yes,yes,no,5.0,2.0,2,1,1,2,2,13
279,KEC,M,22,U,GT3,T,3,1,services,services,other,mother,1,1,3,no,no,no,no,no,no,yes,yes,5.0,4.0,5,5,5,1,12,5
280,KEC,M,18,R,LE3,T,3,3,other,services,course,mother,1,2,0,no,yes,no,no,yes,yes,yes,yes,4.0,3.0,3,1,3,5,8,10
281,KEC,M,16,U,GT3,T,0,2,other,other,other,mother,1,1,0,no,no,no,no,no,yes,yes,no,4.0,3.0,2,2,4,5,0,11
282,KEC,M,18,U,GT3,T,3,2,services,other,course,mother,2,1,0,no,no,no,no,yes,no,yes,no,4.0,4.0,5,2,4,5,8,7
283,KEC,M,16,U,GT3,T,3,3,at_home,other,reputation,other,3,2,1,yes,yes,no,no,no,yes,yes,no,5.0,3.0,3,1,3,2,4,10
284,KEC,M,18,U,GT3,T,2,1,services,services,other,mother,1,1,2,no,no,no,no,no,no,yes,no,3.0,2.0,5,2,5,5,4,6
285,KEC,M,16,R,GT3,T,2,1,other,other,course,mother,2,1,0,no,no,no,yes,no,yes,no,no,3.0,3.0,2,1,3,3,2,12
286,KEC,M,17,R,GT3,T,2,1,other,other,course,mother,1,1,0,no,no,no,no,no,yes,yes,no,4.0,4.0,2,2,4,5,0,13
287,KEC,M,17,U,LE3,T,1,1,health,other,course,mother,2,1,1,no,yes,no,yes,yes,yes,yes,no,4.0,4.0,4,1,2,5,0,10
288,KEC,F,18,U,LE3,A,2,1,other,other,course,mother,1,2,0,no,yes,no,no,no,yes,yes,yes,4.0,3.0,4,1,3,5,2,13
289,KEC,F,17,U,LE3,T,4,2,teacher,services,reputation,mother,1,4,0,no,yes,no,yes,yes,yes,yes,no,4.0,2.0,3,1,1,4,2,17
290,KEC,F,19,U,GT3,T,2,2,services,services,home,mother,1,2,0,no,yes,no,no,yes,yes,yes,no,4.0,3.0,3,1,1,5,0,11
291,KEC,M,18,U,LE3,T,2,1,services,other,course,mother,3,2,1,no,no,no,yes,no,no,yes,no,4.0,4.0,5,4,4,5,4,11
292,KEC,F,17,R,GT3,T,4,2,other,other,course,mother,1,3,0,no,yes,no,yes,yes,yes,yes,no,4.0,3.0,4,1,3,5,2,14
293,KEC,F,18,U,LE3,T,1,1,other,at_home,home,mother,1,3,0,no,yes,no,no,no,yes,no,no,4.0,4.0,3,2,3,3,4,14
294,KEC,F,18,R,GT3,T,2,2,other,other,home,mother,1,2,0,yes,no,no,no,yes,yes,no,no,3.0,2.0,3,1,1,5,4,13
295,KEC,M,19,U,LE3,A,4,3,services,at_home,reputation,mother,1,2,0,no,yes,no,no,yes,yes,yes,no,4.0,3.0,1,1,1,1,4,14
296,KEC,M,18,U,GT3,T,2,1,other,other,home,mother,1,2,0,no,no,no,yes,yes,yes,yes,no,5.0,2.0,4,1,2,4,2,16
297,KEC,M,17,R,GT3,T,2,2,other,services,other,mother,2,1,0,no,no,no,no,no,no,no,no,5.0,2.0,2,1,1,4,0,10
298,KEC,F,17,U,LE3,T,2,2,services,services,course,father,1,4,0,no,no,no,yes,yes,yes,yes,yes,3.0,4.0,1,1,1,2,2,12
299,KEC,F,20,R,GT3,T,2,1,other,other,course,other,2,2,0,no,yes,yes,yes,yes,no,yes,yes,1.0,2.0,3,1,2,2,8,12
300,KEC,F,18,U,GT3,T,4,3,services,other,home,father,1,2,0,no,yes,no,no,yes,yes,yes,yes,3.0,1.0,2,1,3,2,2,15
301,KEC,M,18,U,GT3,T,4,3,teacher,other,course,mother,1,2,0,no,yes,no,no,no,yes,yes,no,4.0,3.0,2,1,1,3,2,11
302,KEC,M,18,R,GT3,T,3,2,other,other,course,mother,1,3,0,no,no,no,yes,no,yes,no,no,5.0,3.0,2,1,1,3,2,12
303,KEC,F,17,U,GT3,T,3,3,other,other,home,mother,1,3,0,no,no,no,yes,no,yes,no,no,3.0,2.0,3,1,1,4,2,13
304,KEC,F,18,U,GT3,T,2,2,at_home,services,home,mother,1,3,0,no,yes,no,yes,yes,yes,yes,yes,4.0,3.0,3,1,1,3,0,13
305,KEC,M,17,U,GT3,T,2,2,other,other,home,father,2,1,0,no,no,no,no,yes,no,yes,no,4.0,4.0,4,2,3,4,8,9
306,KEC,M,18,R,LE3,A,3,4,other,other,reputation,mother,2,2,0,no,yes,no,yes,yes,yes,yes,no,4.0,2.0,5,3,4,1,6,16
307,KEC,M,17,U,GT3,T,3,1,services,other,other,mother,1,2,0,no,no,no,yes,yes,yes,yes,yes,5.0,4.0,4,3,4,5,0,14
308,KEC,F,18,R,GT3,T,4,4,teacher,other,reputation,mother,2,2,0,no,no,no,yes,yes,yes,yes,no,4.0,3.0,4,2,2,4,8,12
309,KEC,M,18,U,GT3,T,4,2,health,other,reputation,father,1,2,0,no,yes,no,yes,yes,yes,yes,yes,5.0,4.0,5,1,3,5,4,14
310,KEC,F,18,R,GT3,T,2,1,other,other,reputation,mother,2,2,0,no,yes,no,no,yes,no,yes,yes,4.0,3.0,5,1,2,3,12,10
311,KEC,F,19,U,GT3,T,3,3,other,services,home,other,1,2,0,no,yes,no,yes,yes,yes,yes,no,4.0,3.0,5,3,3,5,16,12
312,KEC,F,18,U,GT3,T,2,3,other,services,reputation,father,1,4,0,no,yes,no,yes,yes,yes,yes,yes,4.0,5.0,5,1,3,2,10,16
313,KEC,F,18,U,LE3,T,1,1,other,other,home,mother,2,2,0,no,yes,no,no,no,yes,no,no,4.0,4.0,3,1,1,3,2,13
314,KEC,M,17,R,GT3,T,1,2,at_home,at_home,home,mother,1,2,0,no,yes,no,yes,no,yes,no,yes,3.0,5.0,2,2,2,1,2,18
315,KEC,F,18,U,GT3,T,2,1,other,other,home,mother,1,2,0,no,yes,no,no,yes,yes,yes,yes,4.0,2.0,5,1,2,1,8,15
316,KEC,F,17,U,GT3,T,2,4,at_home,health,reputation,mother,2,2,0,no,yes,no,no,yes,yes,yes,yes,4.0,3.0,3,1,1,1,6,16
317,KEC,F,17,U,LE3,T,2,2,services,other,course,mother,2,2,0,yes,yes,no,no,yes,yes,yes,yes,4.0,4.0,4,2,3,5,6,12
318,KEC,F,18,R,GT3,A,3,2,other,services,home,mother,2,2,0,no,no,no,no,no,no,yes,yes,4.0,1.0,1,1,1,5,15,10
319,KEC,M,18,U,GT3,T,4,4,teacher,services,home,mother,2,1,0,no,no,no,yes,yes,yes,yes,no,3.0,2.0,4,1,4,3,6,12
320,KEC,F,18,U,GT3,T,4,4,health,health,reputation,father,1,2,1,yes,yes,no,yes,yes,yes,yes,yes,2.0,4.0,4,1,1,4,2,13
321,KEC,F,17,U,GT3,T,2,2,other,services,reputation,father,3,3,0,no,yes,no,no,yes,yes,yes,yes,4.0,2.0,3,1,1,1,8,15
322,KEC,F,19,R,GT3,T,3,2,services,services,reputation,father,1,2,1,yes,yes,no,no,yes,no,yes,no,3.0,3.0,3,4,3,3,0,10
323,KEC,M,18,U,LE3,T,4,3,teacher,services,course,mother,2,1,0,no,no,no,yes,yes,yes,yes,no,4.0,2.0,3,1,2,1,0,10
324,KEC,M,18,U,GT3,T,1,2,at_home,other,home,other,2,1,0,no,no,no,no,no,no,yes,no,3.0,4.0,4,2,4,4,10,11
325,KEC,M,17,U,LE3,A,4,1,services,other,home,mother,2,1,0,no,no,no,yes,yes,yes,yes,yes,4.0,5.0,4,2,4,5,22,10
326,KEC,M,17,U,LE3,A,3,2,teacher,services,home,mother,1,1,0,no,no,no,no,yes,yes,yes,no,4.0,4.0,4,3,4,3,18,13
327,KEC,F,18,R,LE3,T,1,1,at_home,other,reputation,mother,2,4,0,no,yes,no,yes,yes,yes,no,no,5.0,2.0,2,1,1,3,2,18
328,KEC,F,18,U,GT3,T,1,1,other,other,home,mother,2,2,0,yes,no,no,yes,yes,yes,yes,no,5.0,4.0,4,1,1,4,0,13
329,KEC,F,17,U,GT3,T,2,2,other,other,course,mother,1,2,0,no,yes,no,no,no,yes,yes,no,5.0,4.0,5,1,2,5,12,14
330,KEC,F,18,U,GT3,T,2,1,other,other,reputation,mother,2,2,0,no,no,no,yes,yes,yes,yes,yes,4.0,3.0,1,1,1,5,10,14
331,KEC,M,17,U,GT3,T,1,1,other,other,reputation,father,1,2,0,no,no,no,no,no,yes,yes,no,4.0,3.0,3,1,2,4,0,12
332,KEC,F,18,U,GT3,T,2,2,at_home,at_home,other,mother,1,3,0,no,yes,no,no,yes,yes,yes,no,4.0,3.0,3,1,2,2,0,18
333,KEC,F,17,U,GT3,T,1,1,services,teacher,reputation,mother,1,3,0,no,yes,no,no,yes,yes,yes,no,4.0,3.0,3,1,1,3,0,14
334,KEC,M,18,U,GT3,T,2,1,services,services,reputation,mother,1,3,0,no,no,no,yes,yes,yes,yes,no,4.0,2.0,4,1,3,2,0,15
335,KEC,M,18,U,LE3,A,4,4,teacher,teacher,reputation,mother,1,2,0,no,yes,no,yes,yes,yes,yes,no,5.0,4.0,3,1,1,2,0,17
336,KEC,M,18,U,GT3,T,4,2,teacher,other,home,mother,1,2,0,no,yes,no,yes,yes,yes,yes,yes,4.0,3.0,2,1,4,5,2,16
337,KEC,F,17,U,GT3,T,4,3,health,services,reputation,mother,1,3,0,no,yes,no,no,yes,yes,yes,no,4.0,2.0,2,1,2,3,0,18
338,KEC,F,17,R,LE3,T,3,1,services,other,reputation,mother,2,4,0,no,yes,no,no,yes,yes,no,no,3.0,1.0,2,1,1,3,0,19
339,KEC,M,18,R,LE3,T,3,2,services,other,reputation,mother,2,3,0,no,yes,no,yes,yes,yes,yes,no,5.0,4.0,2,1,1,4,0,15
340,KEC,M,17,U,GT3,T,3,3,health,other,home,mother,1,1,0,no,yes,no,no,yes,yes,yes,no,4.0,4.0,3,1,3,5,0,15
341,KEC,F,19,U,GT3,T,4,4,health,other,reputation,other,2,2,0,no,yes,no,yes,yes,yes,yes,no,2.0,3.0,4,2,3,2,2,13
342,KEC,F,18,U,LE3,T,4,3,other,other,home,other,2,2,0,no,yes,no,no,yes,yes,yes,yes,4.0,4.0,5,1,2,2,0,14
343,KEC,F,18,U,GT3,T,4,3,other,other,reputation,father,1,4,0,no,yes,no,no,yes,yes,yes,no,4.0,3.0,3,1,1,3,0,17
344,KEC,M,18,U,LE3,T,4,4,teacher,teacher,home,mother,1,1,0,no,yes,no,no,yes,yes,yes,yes,1.0,4.0,2,2,2,1,0,17
345,KEC,F,18,U,LE3,A,4,4,health,other,home,mother,1,2,0,no,yes,yes,no,yes,yes,yes,yes,4.0,2.0,4,1,1,4,0,15
346,KEC,M,17,U,LE3,T,4,4,other,teacher,home,father,2,1,0,no,no,no,no,yes,yes,yes,no,4.0,1.0,1,2,2,5,0,13
347,KEC,F,17,R,GT3,T,4,4,services,services,reputation,mother,2,3,0,no,yes,no,yes,yes,yes,yes,no,5.0,3.0,4,1,1,5,0,8
348,KEC,F,17,U,GT3,T,4,2,other,other,reputation,mother,2,3,0,no,yes,no,no,yes,yes,yes,no,4.0,3.0,3,1,1,3,0,16
349,KEC,F,17,U,GT3,T,3,2,health,health,reputation,father,1,4,0,no,yes,no,yes,no,yes,yes,no,5.0,2.0,2,1,2,5,0,18
350,KEC,M,19,R,LE3,T,2,1,at_home,services,course,mother,2,3,1,no,no,no,yes,yes,yes,yes,yes,4.0,3.0,1,1,1,5,0,11
351,KEC,M,20,U,GT3,A,3,2,services,other,course,other,1,1,2,no,no,no,yes,yes,yes,no,no,5.0,5.0,3,1,1,5,0,15
352,KEC,M,19,R,GT3,T,3,3,other,services,reputation,father,1,2,0,no,no,no,yes,yes,yes,no,yes,4.0,5.0,3,1,2,5,0,11
353,KEC,F,18,U,GT3,T,1,4,other,teacher,home,mother,1,2,0,yes,yes,no,no,no,yes,no,yes,3.0,4.0,4,1,2,5,2,11
354,KEC,F,18,U,GT3,T,2,1,services,other,course,mother,2,2,0,no,yes,no,yes,yes,yes,yes,no,5.0,3.0,3,1,2,1,2,15
355,KEC,F,17,U,GT3,T,2,3,other,other,course,father,2,2,0,no,no,no,yes,yes,yes,yes,yes,4.0,2.0,1,1,1,3,2,14
356,KEC,F,17,R,GT3,T,4,4,teacher,teacher,course,mother,1,1,0,no,no,no,yes,yes,yes,yes,no,4.0,4.0,4,1,1,5,2,17
357,KEC,F,18,U,GT3,T,4,3,other,other,course,mother,1,3,0,no,yes,no,yes,yes,yes,yes,yes,4.0,3.0,4,1,1,5,2,17
358,KEC,F,18,U,LE3,T,4,3,health,services,course,mother,2,1,0,no,yes,no,no,yes,yes,yes,no,3.0,2.0,4,1,4,1,8,15
359,KEC,F,17,R,GT3,T,3,4,at_home,services,course,father,1,3,0,no,yes,no,yes,no,yes,yes,no,4.0,3.0,4,2,5,5,2,17
360,KEC,F,18,U,GT3,T,3,3,at_home,other,course,father,1,2,0,no,yes,no,no,yes,yes,yes,no,4.0,1.0,4,1,1,3,8,14
361,KEC,M,19,U,GT3,T,4,2,health,other,course,mother,2,2,0,no,yes,no,yes,yes,yes,yes,yes,5.0,4.0,4,1,1,1,9,10
362,KEC,F,18,U,GT3,T,4,4,teacher,other,course,mother,1,2,0,no,yes,no,no,yes,yes,yes,no,4.0,4.0,4,3,3,5,0,13
363,KEC,F,18,U,GT3,T,3,4,other,other,course,mother,1,1,0,no,yes,no,yes,yes,yes,yes,yes,5.0,4.0,4,1,1,1,4,14
364,KEC,F,17,U,GT3,T,4,4,health,health,course,mother,1,1,0,no,no,no,yes,yes,yes,yes,no,5.0,3.0,4,1,2,5,2,17
365,KEC,F,17,U,GT3,A,4,3,services,services,course,mother,1,2,0,no,yes,no,no,yes,yes,yes,yes,5.0,2.0,2,1,2,5,14,17
366,KEC,F,17,U,LE3,A,3,3,services,other,home,mother,1,2,0,yes,yes,no,no,yes,yes,yes,no,5.0,3.0,3,1,1,5,0,13
367,KEC,F,17,U,LE3,T,2,1,other,other,home,father,1,2,0,no,no,no,yes,yes,yes,yes,no,4.0,2.0,3,2,2,2,2,14
368,KEC,M,18,U,LE3,T,4,4,other,other,reputation,father,1,1,0,no,yes,no,no,yes,yes,yes,no,4.0,2.0,5,3,4,5,2,11
369,KEC,F,19,U,GT3,T,1,1,other,other,course,other,3,3,0,no,no,no,yes,yes,no,no,yes,1.0,5.0,5,4,3,5,12,11
370,KEC,F,19,U,LE3,A,1,1,other,other,course,other,3,2,2,no,yes,no,no,no,yes,yes,yes,5.0,3.0,4,1,1,4,2,9
371,KEC,F,18,U,GT3,T,2,2,other,other,course,mother,1,1,0,no,yes,no,yes,yes,yes,yes,yes,4.0,3.0,5,2,4,5,2,10
372,KEC,F,17,U,GT3,T,2,2,other,other,course,mother,1,2,0,no,yes,no,no,yes,yes,no,yes,4.0,2.0,2,1,1,3,4,13
373,KEC,F,17,R,LE3,T,2,2,services,services,course,mother,1,3,0,no,yes,no,yes,yes,yes,yes,no,3.0,3.0,2,2,2,3,0,10
374,KEC,F,17,U,GT3,T,3,1,services,services,course,father,1,3,0,no,yes,no,no,no,yes,yes,no,3.0,4.0,3,2,3,5,0,17
375,KEC,F,17,U,LE3,T,0,2,at_home,at_home,home,father,2,3,0,no,no,no,no,yes,yes,yes,no,3.0,3.0,3,2,3,2,0,15
376,KEC,F,18,U,GT3,T,1,1,other,other,home,mother,2,3,0,no,no,no,yes,yes,yes,yes,no,4.0,5.0,5,1,2,2,0,14
377,KEC,M,18,U,GT3,T,4,4,other,other,course,mother,1,3,0,no,no,no,yes,yes,yes,yes,no,4.0,3.0,3,2,2,3,0,13
378,KEC,M,17,U,GT3,T,3,3,other,services,reputation,mother,1,1,0,no,no,no,yes,no,yes,yes,no,4.0,3.0,5,3,5,5,0,17
379,KEC,M,17,R,GT3,T,2,2,services,other,course,mother,4,1,0,no,yes,no,no,yes,yes,yes,no,4.0,4.0,5,5,5,4,2,10
380,KEC,F,17,U,GT3,T,4,4,teacher,services,course,mother,1,3,0,no,yes,no,yes,yes,yes,yes,no,5.0,4.0,4,1,3,4,0,13
381,KEC,F,17,U,GT3,T,4,4,teacher,teacher,course,mother,2,3,0,no,yes,no,no,no,yes,yes,yes,4.0,3.0,3,1,2,4,4,15
382,KEC,F,17,U,GT3,T,3,3,at_home,other,course,mother,1,1,0,no,yes,yes,yes,yes,yes,yes,no,4.0,2.0,5,2,5,5,2,11
383,KEC,M,18,U,LE3,T,2,2,other,other,course,mother,1,4,0,no,yes,yes,yes,yes,yes,yes,no,4.0,5.0,5,2,4,5,0,12
384,KEC,M,19,R,GT3,T,3,2,at_home,services,home,other,1,1,0,no,yes,no,no,no,yes,no,yes,5.0,3.0,4,2,2,5,0,10
385,KEC,F,18,U,GT3,T,2,2,at_home,other,course,mother,4,2,0,no,no,no,yes,yes,yes,no,yes,4.0,2.0,5,1,1,2,2,10
386,KEC,F,17,R,GT3,T,2,4,at_home,other,course,father,1,3,0,no,yes,no,no,yes,yes,yes,yes,4.0,4.0,3,1,1,5,0,15
387,KEC,M,18,U,GT3,T,2,2,other,other,reputation,mother,1,1,0,no,no,no,no,no,yes,yes,no,5.0,4.0,2,1,2,5,6,15
388,KEC,F,18,U,GT3,T,3,3,services,services,home,mother,1,2,0,no,no,no,yes,yes,yes,yes,no,5.0,3.0,4,1,1,4,8,12
389,KEC,F,18,U,LE3,T,2,2,other,other,home,other,1,2,0,no,no,no,yes,no,yes,yes,yes,4.0,3.0,3,1,1,2,0,12
390,KEC,F,18,R,GT3,T,2,2,at_home,other,course,mother,2,4,0,no,no,no,yes,yes,yes,no,no,4.0,4.0,4,1,1,4,6,14
391,KEC,F,17,U,GT3,T,3,4,services,other,course,mother,1,3,0,no,no,no,no,yes,yes,yes,no,4.0,4.0,5,1,3,5,8,14
392,KEC,F,17,U,GT3,T,3,2,other,other,home,mother,1,2,0,no,yes,no,no,yes,yes,yes,yes,4.0,3.0,2,2,3,2,0,15
393,KEC,F,18,U,LE3,T,3,3,services,services,home,mother,1,4,0,no,yes,no,no,yes,yes,yes,no,5.0,3.0,3,1,1,1,4,15
394,KEC,F,17,R,GT3,A,3,2,other,other,home,mother,1,2,0,no,yes,no,no,yes,yes,yes,no,4.0,3.0,3,2,3,2,0,16
395,KEC,M,18,U,GT3,T,4,4,teacher,services,home,father,1,2,0,no,yes,no,yes,yes,yes,yes,no,4.0,3.0,3,2,2,2,0,13
396,KEC,M,18,U,LE3,T,3,4,services,other,home,mother,1,2,0,no,no,no,yes,yes,yes,yes,yes,4.0,3.0,3,1,3,5,6,17
397,KEC,F,17,U,GT3,A,2,2,at_home,at_home,home,father,1,2,0,no,yes,no,no,yes,yes,yes,yes,3.0,3.0,1,1,2,4,18,14
398,KEC,F,18,U,GT3,T,2,3,at_home,other,course,mother,1,3,0,no,yes,no,no,yes,yes,yes,no,4.0,3.0,3,1,2,3,0,14
399,KEC,F,18,U,GT3,T,3,2,other,services,other,mother,1,3,0,no,no,no,no,yes,yes,yes,yes,5.0,4.0,3,2,3,1,4,17
400,KEC,M,18,R,GT3,T,4,3,teacher,services,course,mother,1,3,0,no,no,no,no,yes,yes,yes,yes,5.0,3.0,2,1,2,4,4,17
401,KEC,M,18,U,GT3,T,4,3,teacher,other,course,mother,1,3,0,no,yes,no,no,yes,yes,yes,yes,5.0,4.0,5,2,3,5,0,14
402,KEC,F,17,U,GT3,T,4,3,health,other,reputation,mother,1,3,0,no,yes,no,yes,yes,yes,yes,yes,4.0,4.0,3,1,3,4,0,13
403,KEC,F,17,U,GT3,T,2,1,services,other,course,mother,2,2,0,no,yes,no,yes,yes,yes,yes,yes,4.0,3.0,4,2,2,1,10,15
404,KEC,F,17,U,GT3,T,2,1,services,other,reputation,mother,1,2,0,no,yes,no,yes,yes,yes,yes,no,4.0,3.0,5,2,4,4,4,16
405,KEC,F,19,U,LE3,A,2,3,at_home,other,home,other,2,1,1,no,no,no,no,yes,no,yes,no,2.0,2.0,3,3,4,5,16,11
406,KEC,F,17,U,GT3,T,3,1,other,at_home,home,mother,1,1,1,no,yes,yes,no,yes,yes,yes,yes,4.0,1.0,2,1,1,3,6,13
407,KEC,F,21,U,LE3,T,4,4,other,other,reputation,other,1,3,2,no,no,yes,yes,yes,yes,yes,no,3.0,3.0,2,1,1,5,0,12
408,KEC,M,18,U,LE3,T,2,2,services,services,reputation,mother,1,2,0,no,yes,no,yes,no,no,yes,no,4.0,4.0,4,1,3,3,11,12
409,KEC,M,18,U,LE3,A,3,4,other,other,reputation,other,1,2,0,no,no,no,yes,yes,yes,yes,yes,4.0,3.0,5,1,4,2,9,15
410,KEC,F,17,U,GT3,T,2,2,services,services,reputation,mother,1,2,0,no,yes,no,yes,yes,yes,yes,no,4.0,3.0,4,1,3,4,0,17
411,KEC,M,17,U,LE3,A,4,4,health,other,reputation,mother,1,3,0,no,yes,no,no,yes,yes,yes,no,4.0,4.0,2,1,2,4,2,15
412,KEC,F,18,U,LE3,T,4,2,teacher,other,course,mother,1,2,0,no,yes,no,yes,yes,yes,yes,no,4.0,2.0,2,1,1,3,0,17
413,KEC,M,21,R,LE3,T,1,1,at_home,other,course,other,2,2,2,no,yes,no,yes,yes,no,yes,yes,5.0,3.0,3,5,2,4,21,10
414,KEC,F,20,R,GT3,T,1,1,other,other,reputation,other,2,3,0,no,no,no,no,yes,yes,yes,yes,3.0,2.0,2,1,3,3,8,15
415,KEC,F,19,U,GT3,T,4,4,teacher,other,home,other,1,1,1,no,yes,no,no,yes,yes,yes,yes,3.0,2.0,5,4,4,5,5,11
416,KEC,M,17,U,LE3,A,3,2,other,other,reputation,mother,1,2,0,no,yes,no,no,yes,yes,yes,no,4.0,4.0,4,1,2,5,10,18
417,KEC,F,18,U,GT3,T,3,2,at_home,other,reputation,father,1,3,0,no,yes,no,no,yes,yes,yes,yes,4.0,3.0,4,1,2,2,5,17
418,KEC,M,18,R,GT3,T,2,3,other,services,reputation,father,1,1,0,no,no,no,no,yes,yes,yes,no,3.0,1.0,3,4,5,4,13,14
419,KEC,M,19,U,GT3,T,2,1,other,other,reputation,mother,1,1,0,no,no,no,no,yes,yes,yes,no,5.0,3.0,4,1,4,4,10,11
420,KEC,F,18,U,LE3,A,2,2,services,other,reputation,mother,2,2,0,no,yes,no,no,yes,yes,yes,no,4.0,1.0,4,1,3,4,10,17
421,KEC,F,20,U,GT3,T,1,0,other,other,reputation,mother,2,1,1,yes,no,no,no,yes,yes,yes,yes,5.0,3.0,1,1,1,5,5,10
422,KEC,F,18,U,GT3,T,3,2,services,other,home,mother,1,2,0,no,yes,no,yes,no,yes,yes,yes,3.0,1.0,2,1,2,1,4,13
423,KEC,F,16,U,GT3,T,1,3,at_home,other,other,father,2,1,0,no,yes,no,no,yes,no,yes,yes,4.0,3.0,3,1,3,5,11,11
424,KEC,F,16,R,GT3,T,2,2,other,other,course,mother,2,2,0,no,yes,no,yes,yes,yes,yes,no,4.0,4.0,4,1,1,5,0,12
425,KEC,F,15,R,GT3,T,1,1,at_home,services,other,mother,1,1,1,no,yes,no,no,yes,yes,no,yes,4.0,1.0,3,1,1,2,6,10
426,KEC,F,15,R,GT3,T,3,3,at_home,other,course,mother,2,1,0,no,yes,no,no,yes,yes,yes,no,5.0,4.0,4,2,3,5,4,11
427,KEC,F,16,R,GT3,T,2,3,at_home,services,course,mother,2,2,0,no,no,no,no,yes,yes,no,no,4.0,5.0,2,1,2,5,0,17
428,KEC,F,15,R,LE3,T,2,1,at_home,other,home,mother,2,1,0,no,no,no,no,yes,no,no,no,1.0,3.0,4,1,1,1,0,9
429,KEC,M,16,R,LE3,A,4,4,at_home,other,home,mother,1,2,0,no,yes,no,no,yes,yes,no,no,5.0,3.0,2,1,3,2,5,11
430,KEC,M,16,U,GT3,A,1,2,other,other,other,mother,1,3,0,yes,no,no,no,yes,yes,yes,no,4.0,4.0,3,1,1,5,0,11
431,KEC,F,17,R,GT3,T,3,2,at_home,other,course,father,1,2,1,no,no,no,no,yes,yes,no,yes,4.0,5.0,4,1,2,5,0,10
432,KEC,F,17,R,GT3,T,1,1,other,other,other,father,1,1,1,no,yes,no,no,no,no,yes,no,5.0,4.0,4,2,2,5,0,7
433,KEC,F,15,R,GT3,T,4,4,teacher,other,course,mother,2,1,0,no,no,no,no,yes,yes,yes,yes,1.0,5.0,1,3,5,5,0,14
434,KEC,F,16,U,LE3,A,2,2,at_home,other,reputation,mother,2,4,0,no,no,no,yes,no,no,no,yes,1.0,2.0,1,1,1,1,4,11
435,KEC,F,15,R,LE3,T,1,1,at_home,services,reputation,father,2,2,0,no,yes,no,no,yes,yes,yes,no,5.0,4.0,3,1,2,4,0,10
436,KEC,F,15,R,LE3,T,1,1,other,services,course,mother,2,1,1,no,yes,no,no,yes,yes,yes,yes,4.0,4.0,3,1,2,2,4,8
437,KEC,F,16,R,GT3,T,0,2,other,other,other,mother,2,1,0,no,yes,no,yes,yes,yes,no,no,3.0,2.0,3,1,2,2,0,12
438,KEC,F,17,R,GT3,T,2,3,other,other,course,mother,2,1,0,no,yes,no,no,yes,yes,yes,no,5.0,5.0,5,1,3,3,2,12
439,KEC,F,15,R,GT3,T,3,3,other,services,course,father,2,1,0,no,no,no,no,no,yes,yes,no,4.0,1.0,3,1,1,4,0,16
440,KEC,M,16,U,GT3,T,1,1,at_home,services,home,mother,2,2,0,no,yes,no,yes,yes,yes,no,yes,5.0,4.0,5,4,5,3,0,0
441,KEC,M,17,U,GT3,T,1,1,other,other,home,mother,1,2,0,no,no,yes,no,no,yes,yes,no,4.0,4.0,3,2,4,5,4,9
442,KEC,M,15,R,LE3,T,4,1,health,services,reputation,father,1,2,0,no,yes,no,yes,yes,yes,yes,no,5.0,3.0,4,1,2,2,0,14
443,KEC,M,15,R,LE3,T,4,1,health,services,reputation,father,1,2,0,no,yes,no,yes,yes,yes,yes,no,5.0,3.0,4,1,2,2,7,8
444,KEC,M,16,R,GT3,T,3,4,other,health,other,mother,3,2,0,no,no,no,no,no,yes,no,no,3.0,4.0,5,1,2,5,4,11
445,KEC,M,15,R,GT3,T,1,1,other,other,course,mother,4,2,0,no,yes,no,yes,yes,yes,no,yes,5.0,4.0,5,2,4,4,8,9
446,KEC,M,15,U,LE3,T,3,3,at_home,at_home,reputation,father,1,2,0,no,yes,no,yes,yes,yes,yes,no,5.0,3.0,3,1,1,5,0,11
447,KEC,M,17,R,GT3,T,2,1,other,other,other,mother,3,1,0,no,no,no,yes,yes,no,no,yes,5.0,5.0,5,5,5,3,8,9
448,KEC,F,16,R,GT3,T,4,4,teacher,teacher,course,mother,2,3,0,no,no,no,yes,yes,yes,yes,yes,4.0,2.0,2,1,1,4,6,17
449,KEC,F,15,R,GT3,T,1,2,other,services,course,mother,2,1,0,no,no,no,no,yes,yes,no,no,5.0,1.0,2,1,1,1,3,13
450,KEC,F,16,R,GT3,T,2,3,other,services,course,mother,3,2,0,no,yes,no,no,yes,yes,yes,no,4.0,5.0,4,1,2,1,2,15
451,KEC,M,16,R,GT3,T,1,2,other,other,course,father,2,2,0,no,no,no,no,yes,yes,no,no,4.0,3.0,3,1,1,5,0,11
452,KEC,F,16,R,GT3,T,2,2,other,other,course,mother,3,2,0,no,yes,no,no,yes,yes,yes,no,4.0,4.0,5,1,1,4,4,11
453,KEC,F,16,U,GT3,T,1,2,other,services,course,mother,1,3,1,no,yes,no,no,yes,yes,no,no,1.0,3.0,2,1,2,4,0,8
454,KEC,F,16,U,GT3,T,1,2,other,services,course,mother,1,3,1,no,yes,no,no,yes,yes,no,no,1.0,3.0,2,1,2,4,3,8
455,KEC,F,15,U,GT3,T,2,1,at_home,other,home,mother,1,2,0,yes,yes,no,no,no,yes,yes,no,4.0,4.0,2,3,3,2,0,9
456,KEC,F,16,U,GT3,T,1,1,at_home,other,course,father,1,2,0,no,yes,no,no,no,yes,no,yes,5.0,4.0,3,2,1,2,0,15
457,KEC,M,17,R,LE3,T,1,2,at_home,services,reputation,mother,1,1,0,no,yes,no,yes,yes,yes,yes,no,5.0,5.0,5,5,5,3,4,11
458,KEC,F,16,R,GT3,T,1,1,other,other,home,father,4,4,0,no,yes,no,no,no,yes,yes,no,4.0,3.0,2,1,1,1,0,13
459,KEC,F,16,R,GT3,T,1,1,at_home,other,other,father,4,3,0,yes,yes,no,no,yes,yes,no,no,4.0,4.0,3,1,1,5,2,10
460,KEC,F,15,R,GT3,T,1,1,at_home,other,home,father,2,2,0,no,yes,no,yes,yes,yes,yes,no,4.0,3.0,3,1,1,2,1,11
461,KEC,F,16,R,GT3,T,1,1,at_home,other,other,mother,2,1,0,no,no,no,yes,yes,yes,yes,yes,4.0,2.0,2,4,3,2,0,14
462,KEC,F,15,R,GT3,T,1,1,at_home,at_home,course,father,3,2,0,no,yes,no,no,yes,yes,no,no,4.0,2.0,1,1,2,2,0,14
463,KEC,F,15,R,LE3,T,2,2,other,other,other,father,1,3,0,yes,yes,no,no,yes,yes,no,no,4.0,4.0,3,2,2,5,2,12
464,KEC,M,16,R,GT3,T,1,1,at_home,other,other,father,2,1,0,no,no,no,yes,yes,yes,no,no,3.0,4.0,4,3,4,5,6,11
465,KEC,F,18,U,GT3,T,1,2,other,other,course,father,1,2,1,no,yes,no,yes,yes,yes,yes,yes,3.0,4.0,4,2,3,5,9,8
466,KEC,M,15,U,GT3,T,3,1,other,services,home,mother,2,1,0,no,yes,no,no,yes,yes,no,no,3.0,2.0,3,1,3,4,0,11
467,KEC,F,16,R,GT3,T,2,2,other,services,course,father,3,2,0,no,yes,no,yes,yes,yes,yes,no,5.0,3.0,4,1,1,2,1,14
468,KEC,M,15,U,GT3,T,2,2,health,other,reputation,mother,3,1,0,no,no,no,no,yes,yes,no,no,4.0,3.0,3,1,2,4,1,13
469,KEC,M,16,U,GT3,T,4,4,other,teacher,course,father,1,2,0,no,yes,no,yes,yes,yes,no,yes,4.0,3.0,1,1,1,3,0,13
470,KEC,F,15,R,GT3,T,3,3,services,other,reputation,mother,1,2,0,no,yes,no,no,yes,yes,yes,yes,4.0,5.0,4,1,1,1,4,12
471,KEC,F,16,R,GT3,T,2,2,at_home,other,course,mother,2,2,1,no,yes,no,yes,no,yes,no,no,4.0,4.0,4,2,3,5,2,12
472,KEC,F,16,R,LE3,T,2,2,other,other,home,father,3,1,0,no,yes,no,yes,yes,yes,no,yes,4.0,3.0,2,1,1,4,0,16
473,KEC,M,16,U,LE3,T,2,1,at_home,services,course,mother,2,1,0,no,yes,no,yes,yes,yes,yes,no,2.0,4.0,3,2,3,4,4,10
474,KEC,M,15,R,LE3,T,1,3,at_home,other,reputation,father,3,1,0,no,yes,no,yes,yes,yes,yes,no,4.0,2.0,4,3,5,3,2,11
475,KEC,F,15,U,GT3,T,2,2,other,services,course,mother,2,3,0,no,yes,no,yes,yes,yes,no,no,5.0,3.0,2,1,1,4,0,14
476,KEC,F,16,R,LE3,T,2,1,other,other,home,mother,1,1,0,no,yes,no,no,yes,yes,yes,yes,5.0,4.0,3,1,1,5,2,8
477,KEC,M,15,U,GT3,T,3,3,services,services,course,father,2,1,0,no,yes,no,yes,no,yes,yes,no,4.0,3.0,3,2,4,3,11,11
478,KEC,F,16,R,GT3,T,1,1,at_home,other,course,father,2,2,3,yes,yes,no,no,yes,yes,no,no,3.0,4.0,3,1,1,1,0,8
479,KEC,F,17,U,GT3,T,2,2,other,at_home,course,mother,1,1,0,no,yes,no,yes,yes,no,no,no,4.0,5.0,3,1,1,5,4,10
480,KEC,F,19,U,GT3,T,2,3,at_home,services,course,other,1,1,1,no,no,no,no,yes,no,yes,yes,4.0,4.0,4,1,1,2,0,10
481,KEC,F,17,R,GT3,T,2,1,at_home,other,course,mother,3,1,0,no,yes,no,yes,yes,no,no,yes,5.0,5.0,3,1,1,3,2,11
482,KEC,F,15,R,LE3,T,1,1,at_home,other,course,mother,2,1,0,no,yes,no,no,yes,no,no,yes,5.0,2.0,1,1,3,4,0,9
483,KEC,F,16,R,GT3,T,2,2,other,other,course,father,3,2,0,no,yes,no,no,yes,no,yes,no,3.0,4.0,5,1,2,1,1,11
484,KEC,F,16,U,LE3,A,2,2,other,other,home,mother,1,1,0,no,yes,no,no,yes,no,no,no,4.0,3.0,4,1,2,1,6,8
485,KEC,F,17,R,GT3,T,2,2,at_home,other,course,mother,2,2,0,no,yes,no,no,yes,yes,yes,no,4.0,3.0,5,1,2,4,0,11
486,KEC,F,16,U,GT3,T,2,2,other,services,course,father,1,1,1,no,yes,yes,yes,no,yes,yes,no,4.0,4.0,3,1,4,3,1,10
487,KEC,F,18,R,LE3,A,3,2,other,other,course,other,2,3,2,no,yes,no,no,no,no,no,yes,3.0,3.0,2,1,1,2,6,10
488,KEC,F,19,U,GT3,T,1,1,at_home,services,course,mother,1,3,1,no,no,no,yes,yes,no,no,yes,5.0,3.0,1,1,1,3,6,9
489,KEC,M,18,R,GT3,T,1,1,other,other,home,mother,2,1,1,no,no,no,yes,yes,no,yes,no,4.0,4.0,3,3,4,4,0,10
490,KEC,F,18,R,GT3,T,1,1,at_home,at_home,course,mother,2,1,1,no,no,no,no,no,no,yes,yes,3.0,2.0,3,1,1,2,4,10
491,KEC,F,19,U,GT3,T,1,1,other,other,course,other,2,2,1,no,yes,no,no,yes,yes,yes,yes,1.0,1.0,4,4,1,1,12,9
492,KEC,F,16,R,GT3,A,2,2,health,other,course,mother,1,2,0,no,no,no,no,no,yes,no,yes,3.0,3.0,2,1,1,3,2,10
493,KEC,F,17,U,GT3,T,0,1,other,at_home,course,father,2,1,0,no,no,no,yes,no,yes,no,no,2.0,4.0,4,3,5,5,5,10
494,KEC,F,16,R,LE3,T,1,2,at_home,other,course,mother,1,2,0,no,no,no,yes,yes,no,yes,no,4.0,4.0,5,1,3,3,0,9
495,KEC,F,16,U,GT3,T,3,3,other,other,reputation,mother,1,1,0,no,no,no,yes,yes,no,yes,yes,4.0,5.0,4,1,1,4,0,13
496,KEC,F,16,R,LE3,T,1,1,services,services,home,mother,1,1,0,no,yes,no,yes,yes,yes,yes,yes,4.0,4.0,4,2,2,4,2,14
497,KEC,M,17,U,GT3,T,3,3,services,at_home,course,mother,2,4,1,no,yes,yes,yes,yes,yes,no,no,5.0,4.0,5,3,4,5,0,10
498,KEC,F,16,U,GT3,T,2,1,other,services,course,mother,1,2,0,no,yes,no,yes,yes,yes,yes,no,5.0,3.0,3,1,1,1,0,14
499,KEC,F,16,U,GT3,T,2,2,services,other,course,mother,1,1,0,no,yes,yes,yes,yes,yes,no,yes,4.0,2.0,5,1,2,5,0,16
500,KEC,M,17,U,GT3,T,1,2,other,other,course,father,1,1,1,no,yes,no,yes,yes,no,yes,yes,5.0,3.0,5,5,5,1,12,7
501,KEC,M,16,U,LE3,T,4,3,other,other,course,father,1,1,0,no,no,no,yes,yes,yes,yes,no,4.0,2.0,5,1,5,5,8,13
502,KEC,M,17,R,LE3,T,2,2,services,services,other,mother,3,4,1,no,yes,no,no,yes,yes,no,no,1.0,3.0,5,3,5,3,2,9
503,KEC,F,16,U,GT3,T,1,1,other,other,course,other,1,4,0,yes,yes,no,yes,yes,yes,yes,no,2.0,2.0,1,1,1,5,0,14
504,KEC,F,19,U,LE3,T,2,2,other,other,home,mother,1,3,0,no,no,no,no,yes,yes,yes,yes,5.0,4.0,5,1,1,1,0,13
505,KEC,F,17,R,GT3,T,1,1,at_home,other,reputation,mother,2,1,0,no,yes,no,yes,no,yes,yes,yes,4.0,4.0,5,1,2,5,0,11
506,KEC,F,20,U,GT3,T,3,3,at_home,services,other,mother,2,2,1,no,no,no,yes,yes,yes,yes,yes,3.0,3.0,4,2,4,3,8,10
507,KEC,F,17,U,LE3,T,1,1,other,services,course,father,1,3,0,no,yes,no,no,yes,yes,no,yes,4.0,3.0,3,1,1,3,0,10
508,KEC,M,17,R,GT3,T,2,2,other,other,course,mother,3,1,1,no,yes,no,no,no,yes,yes,no,4.0,4.0,5,1,2,5,0,9
509,KEC,F,16,R,LE3,T,1,1,at_home,other,course,father,3,2,0,no,yes,no,no,yes,yes,no,no,5.0,3.0,2,1,1,1,0,18
510,KEC,F,17,R,GT3,T,2,2,other,other,reputation,mother,2,2,0,no,yes,no,yes,yes,yes,no,no,5.0,3.0,2,1,1,1,0,17
511,KEC,F,17,U,GT3,A,1,0,other,other,other,mother,2,2,0,no,no,no,no,yes,yes,yes,yes,4.0,4.0,5,1,1,4,1,10
512,KEC,F,18,R,GT3,T,1,1,at_home,other,other,mother,1,2,1,no,yes,no,no,yes,yes,yes,yes,4.0,3.0,2,1,1,5,9,7
513,KEC,F,16,U,GT3,T,3,1,other,other,course,mother,1,1,0,no,no,no,yes,yes,yes,yes,no,3.0,1.0,3,1,3,1,0,8
514,KEC,F,16,U,GT3,T,3,2,services,at_home,course,mother,1,1,0,no,no,no,no,yes,yes,yes,no,3.0,1.0,3,1,4,3,2,7
515,KEC,F,18,U,LE3,T,1,1,other,at_home,reputation,mother,2,2,0,yes,no,no,no,yes,yes,no,no,2.0,3.0,5,1,4,3,8,10
516,KEC,F,16,R,GT3,T,4,4,health,teacher,reputation,father,1,2,0,no,no,no,yes,no,yes,yes,yes,4.0,3.0,3,2,3,2,0,16
517,KEC,F,16,R,LE3,T,1,2,other,other,reputation,mother,2,1,0,no,no,no,yes,yes,yes,yes,no,5.0,4.0,5,1,4,2,0,15
518,KEC,F,18,U,GT3,A,2,4,other,services,reputation,father,1,2,1,no,yes,no,no,yes,yes,yes,no,2.0,3.0,2,1,3,1,8,8
519,KEC,M,16,R,GT3,T,2,1,other,services,reputation,mother,2,2,0,no,no,no,yes,yes,yes,yes,no,5.0,2.0,1,1,1,2,0,0
520,KEC,F,16,U,LE3,T,1,1,at_home,other,other,mother,3,2,0,no,yes,no,no,yes,yes,yes,no,4.0,3.0,2,1,3,5,6,8
521,KEC,F,16,R,GT3,T,2,3,at_home,services,other,mother,2,2,0,no,yes,no,yes,yes,yes,yes,no,3.0,3.0,3,1,1,2,0,10
522,KEC,F,16,U,GT3,T,4,4,health,health,course,mother,1,2,0,no,yes,no,no,yes,yes,yes,yes,4.0,3.0,4,1,2,3,4,8
523,KEC,M,18,U,LE3,T,4,4,at_home,health,home,mother,1,4,0,no,yes,no,yes,yes,no,yes,yes,5.0,5.0,5,5,5,5,2,6
524,KEC,F,16,R,LE3,T,3,4,at_home,other,other,mother,3,2,0,no,yes,no,no,no,yes,no,no,4.0,2.0,1,1,1,2,2,8
525,KEC,M,17,U,LE3,T,4,4,other,services,home,mother,1,3,0,no,yes,no,no,yes,yes,yes,no,4.0,4.0,3,1,2,5,0,16
526,KEC,F,17,R,GT3,T,4,1,other,other,other,mother,1,1,0,no,no,no,no,yes,yes,yes,yes,4.0,2.0,3,1,2,5,1,14
527,KEC,M,16,U,LE3,T,2,2,services,services,other,mother,4,3,0,no,no,no,no,yes,yes,no,no,5.0,1.0,3,2,2,3,0,10
528,KEC,F,17,R,GT3,T,2,2,at_home,other,other,mother,1,1,0,no,yes,yes,no,yes,yes,yes,no,5.0,1.0,3,1,2,5,5,9
529,KEC,F,16,U,LE3,T,4,4,services,services,other,father,2,1,0,no,yes,no,no,yes,yes,no,no,5.0,1.0,3,1,2,5,1,11
530,KEC,M,17,U,GT3,T,3,3,services,services,home,mother,1,1,0,no,yes,no,yes,yes,yes,yes,no,4.0,1.0,4,5,5,3,8,9
531,KEC,M,17,U,GT3,T,1,1,at_home,services,other,mother,3,2,0,no,no,no,no,yes,yes,yes,yes,5.0,1.0,3,3,3,1,0,10
532,KEC,M,16,U,GT3,T,2,1,health,services,other,mother,2,2,0,no,no,no,no,no,yes,yes,yes,4.0,2.0,2,1,4,5,2,8
533,KEC,F,16,U,LE3,T,2,1,other,services,other,mother,1,2,0,no,no,no,no,yes,yes,yes,yes,3.0,2.0,2,1,1,3,0,16
534,KEC,M,16,U,LE3,T,4,4,teacher,health,other,father,1,1,0,no,yes,no,no,yes,yes,yes,no,4.0,1.0,2,2,5,5,0,12
535,KEC,M,15,R,GT3,T,1,2,other,services,course,mother,3,2,0,no,yes,no,yes,yes,yes,no,no,5.0,5.0,5,1,3,5,11,10
536,KEC,M,15,U,LE3,A,2,2,other,other,reputation,mother,3,4,0,no,yes,no,yes,yes,yes,no,no,5.0,4.0,5,2,3,5,8,14
537,KEC,M,15,U,LE3,A,2,1,services,services,course,mother,1,1,0,no,no,no,yes,yes,yes,yes,no,4.0,3.0,3,1,2,5,11,12
538,KEC,F,16,R,LE3,T,2,2,other,other,course,mother,1,3,0,no,yes,no,no,no,yes,no,yes,4.0,3.0,3,2,2,5,2,11
539,KEC,F,16,U,LE3,T,4,1,other,other,home,mother,2,2,0,no,yes,no,yes,yes,yes,yes,no,1.0,2.0,4,2,2,1,8,10
540,KEC,F,17,U,GT3,T,3,2,at_home,other,home,mother,2,1,0,no,no,no,no,yes,yes,no,yes,4.0,3.0,3,2,2,1,5,11
541,KEC,F,17,R,GT3,T,2,2,other,other,other,mother,2,2,0,yes,no,yes,no,yes,yes,no,no,5.0,1.0,3,1,1,5,0,11
542,KEC,F,16,U,GT3,T,4,4,teacher,services,course,mother,2,3,0,no,yes,no,no,yes,yes,yes,yes,5.0,3.0,5,1,4,5,1,12
543,KEC,M,17,R,GT3,T,4,4,health,other,course,father,3,1,3,no,no,no,yes,yes,yes,yes,yes,3.0,3.0,3,1,3,5,2,8
544,KEC,M,17,R,LE3,T,1,3,other,other,course,father,2,1,0,no,no,no,yes,yes,yes,no,yes,5.0,1.0,2,3,3,5,2,12
545,KEC,M,17,U,GT3,T,3,4,services,other,other,mother,1,2,1,no,yes,no,yes,no,yes,yes,yes,5.0,4.0,4,3,4,5,8,8
546,KEC,F,17,U,GT3,T,4,4,health,health,course,father,1,2,0,no,yes,no,no,yes,yes,yes,no,5.0,2.0,5,1,1,5,0,16
547,KEC,M,16,R,LE3,T,4,1,other,at_home,other,father,1,1,0,no,no,no,no,yes,yes,yes,no,4.0,1.0,2,2,1,2,0,11
548,KEC,F,17,U,GT3,A,1,1,at_home,at_home,other,mother,1,2,0,no,no,no,yes,yes,yes,yes,yes,4.0,5.0,5,1,2,3,2,11
549,KEC,F,17,R,GT3,T,4,2,other,other,course,mother,2,2,0,yes,yes,no,no,no,yes,yes,no,4.0,3.0,3,2,3,5,0,18
550,KEC,M,16,U,LE3,A,2,2,other,services,course,father,2,2,0,no,yes,no,no,no,yes,yes,yes,4.0,1.0,2,2,2,5,0,13
551,KEC,M,17,U,GT3,T,3,2,other,other,other,father,2,2,0,no,yes,yes,no,yes,yes,yes,no,4.0,1.0,2,2,2,1,0,13
552,KEC,M,19,U,GT3,T,1,1,other,other,other,mother,1,2,2,no,yes,no,yes,yes,no,yes,no,4.0,4.0,3,3,4,4,2,10
553,KEC,M,17,U,LE3,A,1,0,other,other,home,mother,1,1,0,no,no,no,no,yes,yes,no,yes,4.0,1.0,2,1,1,5,4,12
554,KEC,F,17,R,GT3,T,1,1,at_home,at_home,course,father,2,1,0,no,yes,no,yes,yes,no,yes,yes,3.0,5.0,5,2,2,4,3,10
555,KEC,F,16,R,GT3,T,1,2,other,other,home,father,1,3,0,yes,yes,no,no,no,yes,yes,yes,4.0,3.0,4,1,1,3,5,13
556,KEC,M,16,R,LE3,T,1,2,other,at_home,course,mother,1,1,0,no,no,no,no,yes,yes,no,no,4.0,4.0,4,2,4,5,4,11
557,KEC,F,17,R,GT3,T,3,1,other,other,course,mother,2,2,3,no,yes,no,yes,no,yes,yes,yes,5.0,4.0,4,1,1,5,2,10
558,KEC,M,17,R,GT3,T,2,2,other,other,course,mother,2,1,0,no,no,no,yes,yes,no,no,yes,5.0,5.0,5,3,5,5,0,10
559,KEC,M,18,R,GT3,T,1,0,at_home,at_home,course,other,3,1,1,yes,yes,no,no,yes,yes,no,no,4.0,3.0,2,1,1,4,0,13
560,KEC,M,17,R,GT3,T,1,1,other,services,course,mother,2,1,0,no,yes,no,yes,no,yes,yes,yes,4.0,5.0,5,1,3,2,0,10
561,KEC,M,18,U,LE3,T,1,1,at_home,at_home,course,mother,2,2,0,no,yes,no,yes,yes,yes,no,no,4.0,3.0,3,1,4,5,6,10
562,KEC,F,16,R,LE3,T,2,2,other,services,course,father,1,2,0,no,no,no,yes,yes,yes,no,yes,5.0,4.0,3,1,1,1,0,12
563,KEC,M,17,U,GT3,T,2,2,other,other,course,mother,1,1,1,no,no,no,yes,yes,yes,no,yes,1.0,2.0,1,2,3,5,0,0
564,KEC,M,16,R,GT3,T,3,2,services,other,course,father,2,1,0,no,no,no,no,yes,yes,yes,no,4.0,5.0,5,2,3,5,2,10
565,KEC,M,16,R,LE3,T,1,1,at_home,other,course,mother,2,1,0,no,no,no,yes,yes,yes,yes,no,4.0,5.0,5,2,4,5,0,9
566,KEC,M,18,R,GT3,T,1,1,services,other,course,other,2,1,1,no,yes,no,no,yes,no,yes,yes,5.0,3.0,3,2,3,5,2,9
567,KEC,M,18,R,GT3,T,3,2,services,other,course,mother,1,1,1,no,no,no,no,yes,no,yes,no,2.0,3.0,1,2,2,5,0,0
568,KEC,M,19,U,GT3,T,3,2,at_home,services,course,mother,2,1,3,no,no,no,yes,yes,yes,no,no,3.0,2.0,1,1,1,3,4,9
569,KEC,M,18,U,GT3,T,3,3,at_home,at_home,course,mother,1,2,2,no,yes,no,yes,yes,no,yes,no,4.0,4.0,5,1,3,3,9,8
570,KEC,M,16,R,GT3,T,2,2,services,services,course,mother,2,1,0,no,yes,no,yes,yes,yes,yes,yes,5.0,4.0,3,2,4,4,6,8
571,KEC,M,19,U,GT3,T,2,1,at_home,other,course,other,2,1,3,no,no,no,yes,no,no,yes,yes,4.0,4.0,3,1,3,5,4,9
572,KEC,F,16,U,GT3,A,3,2,services,at_home,course,mother,2,2,2,no,yes,no,yes,yes,yes,no,yes,2.0,5.0,5,1,1,1,8,7
573,KEC,F,17,U,GT3,T,1,1,other,at_home,course,mother,1,1,0,no,yes,no,yes,yes,yes,no,no,4.0,3.0,2,1,2,5,9,10
574,KEC,M,20,R,GT3,T,1,1,other,other,course,other,2,1,1,no,yes,no,no,yes,no,yes,yes,4.0,4.0,3,2,4,4,12,10
575,KEC,F,18,R,GT3,A,4,3,services,services,course,mother,1,1,0,no,yes,no,no,yes,yes,yes,no,5.0,4.0,4,3,4,2,8,10
576,KEC,M,18,R,GT3,T,3,2,other,other,course,mother,2,1,0,no,yes,no,no,no,yes,yes,no,2.0,5.0,5,5,5,5,8,11
577,KEC,M,19,R,GT3,T,1,1,other,services,home,other,3,2,1,no,no,no,no,yes,yes,yes,no,5.0,4.0,4,3,3,2,8,11
578,KEC,M,17,U,GT3,T,3,3,health,other,course,mother,2,2,1,no,yes,no,no,yes,yes,yes,no,4.0,5.0,4,2,3,3,4,10
579,KEC,M,18,U,LE3,T,1,3,at_home,services,course,mother,1,1,0,no,no,no,no,yes,no,yes,yes,4.0,3.0,3,2,3,3,0,9
580,KEC,M,19,R,GT3,T,1,1,other,other,home,other,3,1,1,no,yes,no,no,yes,yes,yes,no,4.0,4.0,4,3,3,5,4,10
581,KEC,F,18,U,GT3,A,1,2,at_home,other,course,mother,2,2,2,no,yes,no,no,yes,yes,no,no,4.0,3.0,3,1,1,5,2,8
582,KEC,F,19,U,LE3,A,1,1,at_home,other,course,mother,1,1,0,no,yes,no,no,yes,no,no,no,1.0,4.0,4,1,1,5,0,7
583,KEC,F,18,R,GT3,T,2,2,other,other,other,mother,2,1,1,no,no,no,no,yes,no,yes,yes,5.0,5.0,5,1,1,3,0,0
584,KEC,F,17,R,GT3,T,0,0,at_home,other,course,mother,2,1,0,no,yes,no,no,yes,yes,yes,no,4.0,4.0,3,1,1,5,0,11
585,KEC,F,17,R,LE3,A,3,1,other,at_home,course,other,2,3,0,no,yes,yes,no,yes,no,no,no,4.0,2.0,3,2,2,3,5,8
586,KEC,F,17,U,GT3,T,4,2,teacher,services,home,mother,1,2,0,yes,yes,no,yes,yes,yes,yes,no,5.0,5.0,5,1,3,5,0,0
587,KEC,F,18,R,LE3,T,2,2,services,services,course,mother,1,2,1,no,yes,no,yes,yes,yes,yes,no,2.0,3.0,3,1,2,4,3,8
588,KEC,F,17,U,GT3,T,4,1,health,at_home,course,mother,1,1,0,no,yes,no,no,yes,yes,no,yes,3.0,2.0,2,1,1,5,0,9
589,KEC,F,17,U,LE3,T,1,2,at_home,other,course,father,1,1,0,no,no,no,no,yes,yes,yes,no,5.0,5.0,1,1,1,3,0,10
590,KEC,F,18,U,GT3,T,1,1,other,other,course,mother,3,2,2,no,no,no,yes,yes,yes,no,yes,3.0,4.0,4,2,2,5,3,7
591,KEC,F,18,U,GT3,T,2,2,services,at_home,reputation,father,2,2,0,no,no,no,yes,no,yes,yes,no,4.0,3.0,5,1,1,1,2,14
592,KEC,F,17,U,GT3,T,3,3,services,services,course,mother,2,1,0,no,yes,no,no,yes,yes,yes,no,4.0,4.0,3,1,1,4,0,13
593,KEC,F,18,U,LE3,A,1,2,at_home,other,reputation,mother,2,2,0,no,no,no,no,yes,yes,yes,no,4.0,4.0,3,1,2,4,0,14
594,KEC,F,18,U,GT3,T,4,4,teacher,teacher,reputation,mother,2,2,0,no,no,no,yes,no,yes,yes,no,4.0,3.0,5,1,2,1,0,18
595,KEC,M,18,U,LE3,T,4,4,services,other,reputation,mother,1,1,0,no,yes,no,yes,yes,yes,yes,no,5.0,4.0,5,1,1,5,3,17
596,KEC,F,17,U,GT3,T,4,2,other,other,course,mother,2,2,0,no,yes,no,no,yes,yes,yes,no,4.0,3.0,3,1,2,4,0,18
597,KEC,F,18,R,GT3,T,2,2,at_home,other,course,mother,3,2,1,no,no,no,yes,yes,yes,no,yes,4.0,3.0,3,1,1,4,0,0
598,KEC,M,18,U,LE3,T,1,2,at_home,services,home,mother,2,1,0,no,yes,no,no,no,yes,no,no,4.0,1.0,4,5,5,1,8,11
599,KEC,M,18,R,GT3,T,4,4,at_home,services,other,mother,3,1,0,no,yes,yes,yes,yes,yes,yes,yes,2.0,5.0,5,1,1,1,5,14
600,KEC,M,17,R,GT3,T,1,1,other,services,other,father,3,1,0,no,no,no,no,no,no,no,no,4.0,2.0,3,3,4,4,4,14
601,KEC,F,18,U,GT3,T,2,2,other,other,course,mother,2,2,0,no,yes,no,no,no,yes,yes,yes,1.0,3.0,1,1,1,2,4,10
602,KEC,F,18,U,LE3,T,2,2,services,services,course,father,2,3,0,no,no,no,no,yes,yes,yes,yes,5.0,4.0,5,1,4,3,0,13
603,KEC,F,18,R,LE3,A,4,2,teacher,other,reputation,mother,1,2,0,no,no,no,yes,yes,yes,yes,yes,5.0,3.0,1,1,1,5,0,0
604,KEC,F,18,U,GT3,T,1,1,at_home,services,course,mother,3,2,1,no,no,no,no,yes,no,no,no,4.0,4.0,2,1,2,2,2,10
605,KEC,F,19,U,GT3,T,1,1,at_home,services,other,father,2,1,1,no,no,no,no,yes,no,no,no,5.0,5.0,5,2,3,2,0,0
606,KEC,F,17,U,GT3,T,4,2,teacher,other,course,father,2,4,0,no,no,no,no,yes,yes,yes,yes,4.0,2.0,3,3,1,5,0,18
607,KEC,F,17,R,LE3,A,2,1,services,other,reputation,mother,2,2,0,no,no,no,yes,yes,yes,yes,yes,5.0,3.0,3,1,2,2,5,12
608,KEC,F,18,U,LE3,A,1,1,at_home,services,course,mother,1,2,0,no,no,no,no,yes,yes,no,yes,5.0,2.0,3,1,2,3,2,11
609,KEC,F,18,U,GT3,T,1,2,at_home,at_home,course,father,2,2,0,no,yes,no,no,yes,no,no,no,4.0,1.0,1,1,1,4,0,12
610,KEC,F,19,R,GT3,A,1,1,at_home,at_home,course,other,2,2,3,no,yes,no,yes,yes,no,no,yes,3.0,5.0,4,1,4,1,0,0
611,KEC,F,18,R,GT3,T,2,2,services,other,home,mother,2,3,0,no,no,no,no,yes,yes,yes,yes,4.0,2.0,1,1,1,4,5,15
612,KEC,M,17,R,GT3,T,4,3,services,other,home,mother,2,2,1,no,yes,yes,yes,no,yes,yes,yes,4.0,5.0,5,1,3,2,4,11
613,KEC,F,18,U,GT3,T,3,3,services,services,course,father,1,2,0,no,yes,no,no,yes,yes,no,yes,5.0,3.0,4,1,1,5,0,10
614,KEC,F,17,R,GT3,T,4,4,teacher,services,other,father,2,2,0,no,yes,yes,yes,yes,yes,yes,no,4.0,3.0,3,1,2,5,2,12
615,KEC,F,17,U,LE3,A,3,2,services,other,reputation,mother,2,2,0,no,no,no,no,yes,yes,no,yes,1.0,2.0,3,1,2,5,0,15
616,KEC,M,18,U,LE3,T,1,1,other,services,home,father,2,1,0,no,no,no,no,no,yes,yes,yes,3.0,3.0,2,1,2,3,2,14
617,KEC,F,18,U,LE3,T,1,1,at_home,services,course,father,2,3,0,no,no,no,no,yes,yes,yes,no,5.0,3.0,2,1,1,4,0,18
618,KEC,F,18,R,LE3,A,1,2,at_home,other,course,mother,3,2,0,no,no,no,no,yes,yes,no,yes,4.0,3.0,4,1,4,5,0,15
619,KEC,F,18,U,GT3,T,3,3,services,services,other,mother,2,2,0,no,yes,no,no,yes,yes,yes,yes,4.0,3.0,2,1,3,3,6,13
620,KEC,F,17,U,LE3,T,4,4,at_home,at_home,course,mother,1,2,0,no,yes,no,yes,yes,yes,yes,yes,2.0,3.0,4,1,1,1,4,15
621,KEC,F,17,R,GT3,T,1,2,other,services,course,father,2,2,0,no,no,no,no,no,yes,no,no,3.0,2.0,2,1,2,3,0,13
622,KEC,M,18,R,GT3,T,1,3,at_home,other,course,mother,2,2,0,no,yes,yes,no,yes,yes,no,no,3.0,3.0,4,2,4,3,0,9
623,KEC,M,18,U,LE3,T,4,4,teacher,services,other,mother,2,3,0,no,no,no,no,yes,yes,yes,yes,4.0,2.0,2,2,2,5,0,16
624,KEC,F,17,R,GT3,T,1,1,other,services,reputation,mother,3,1,1,no,yes,no,no,yes,yes,yes,yes,5.0,2.0,1,1,2,1,0,9
625,KEC,F,18,U,GT3,T,2,3,at_home,services,course,father,2,1,0,no,yes,no,no,yes,yes,yes,yes,5.0,2.0,3,1,2,4,0,10
626,KEC,F,18,R,GT3,T,4,4,other,teacher,other,father,3,2,0,no,yes,no,no,no,yes,yes,yes,3.0,2.0,2,4,2,5,0,0
627,KEC,M,18,R,LE3,T,1,2,at_home,services,other,father,3,1,0,no,yes,no,yes,yes,no,yes,yes,4.0,3.0,3,2,3,3,3,10
628,KEC,F,17,U,GT3,T,2,2,other,at_home,home,mother,1,3,0,no,no,no,yes,yes,yes,no,yes,3.0,4.0,3,1,1,3,8,12
629,KEC,F,17,R,GT3,T,1,2,other,other,course,mother,1,1,0,no,no,no,yes,yes,yes,yes,no,3.0,5.0,5,1,3,1,4,9
630,KEC,F,18,R,LE3,T,4,4,other,other,reputation,mother,2,3,0,no,no,no,no,yes,yes,yes,no,5.0,4.0,4,1,1,1,0,17
631,KEC,F,18,R,GT3,T,1,1,other,other,home,mother,4,3,0,no,no,no,no,yes,yes,yes,no,4.0,3.0,2,1,2,4,4,12
632,KEC,F,19,R,GT3,T,1,1,at_home,other,course,other,2,2,1,no,yes,no,no,yes,yes,yes,yes,4.0,3.0,3,1,1,3,4,9
633,KEC,F,18,R,LE3,T,4,4,teacher,services,course,mother,1,2,0,no,no,no,yes,yes,yes,yes,no,5.0,4.0,3,3,4,2,1,14
634,KEC,F,18,U,GT3,T,3,3,other,other,home,mother,1,2,0,no,no,no,no,yes,yes,yes,yes,4.0,1.0,3,1,2,1,1,16
635,KEC,F,17,R,GT3,T,3,1,at_home,other,reputation,mother,1,2,0,no,yes,no,yes,no,yes,yes,no,4.0,5.0,4,2,3,1,10,9
636,KEC,M,18,U,GT3,T,4,4,teacher,teacher,home,father,1,2,0,no,no,no,yes,no,yes,yes,no,3.0,2.0,4,1,4,2,4,19
637,KEC,M,18,R,GT3,T,2,1,other,other,other,mother,2,1,0,no,no,no,yes,no,yes,yes,yes,4.0,4.0,3,1,3,5,0,0
638,KEC,M,17,U,GT3,T,2,3,other,services,home,father,2,2,0,no,no,no,yes,yes,yes,yes,no,4.0,4.0,3,1,1,3,4,16
639,KEC,M,19,R,GT3,T,1,1,other,services,other,mother,2,1,1,no,no,no,no,yes,yes,no,no,4.0,3.0,2,1,3,5,0,0
640,KEC,M,18,R,GT3,T,4,2,other,other,home,father,2,1,1,no,no,yes,no,yes,yes,no,no,5.0,4.0,3,4,3,3,0,0
641,KEC,F,18,R,GT3,T,2,2,at_home,other,other,mother,2,3,0,no,no,no,no,yes,yes,no,no,5.0,3.0,3,1,3,4,0,15
642,KEC,F,17,U,GT3,T,4,3,teacher,other,other,mother,2,2,0,no,no,no,no,yes,yes,yes,no,5.0,5.0,4,1,1,1,0,11
643,KEC,F,18,R,GT3,T,4,4,teacher,at_home,reputation,mother,3,1,0,no,yes,no,yes,yes,yes,yes,yes,4.0,4.0,3,2,2,5,4,10
644,KEC,F,19,R,GT3,T,2,3,services,other,course,mother,1,3,1,no,no,no,yes,no,yes,yes,no,5.0,4.0,2,1,2,5,4,10
645,KEC,F,18,U,LE3,T,3,1,teacher,services,course,mother,1,2,0,no,yes,no,no,yes,yes,yes,no,4.0,3.0,4,1,1,1,4,16
646,KEC,F,18,U,GT3,T,1,1,other,other,course,mother,2,2,0,no,no,no,yes,yes,yes,no,no,1.0,1.0,1,1,1,5,6,9
647,KEC,M,17,U,LE3,T,3,1,services,services,course,mother,2,1,0,no,no,no,no,no,yes,yes,no,2.0,4.0,5,3,4,2,6,10
648,KEC,M,18,R,LE3,T,3,2,services,other,course,mother,3,1,0,no,no,no,no,no,yes,yes,no,4.0,4.0,1,3,4,5,4,11
